ID,UserSeq,Date,Instrument,Type,Side,Amount,Position,Price,Mark Price,Index Price,Cash Flow,Funding,Fee Rate,Fee Charged,Fee Balance,Change,Balance,Equity,Trade ID,Order ID,Info
356385429,1.69E+15,7/18/2023 20:35,BTC-PERPETUAL,trade,open sell,29760,-2536030,29762.5,29763.3,29754.68,0,0.00394413,0.05,0.00049996,0,-0.00049996,100.6499733,101.23,172687696,16770229436,Source: 'api:OfelyaRza'
356199284,1.69E+15,7/18/2023 12:42,BTC-PERPETUAL,trade,open sell,29820,-2506270,29819,29815.16,29801.29,0,0.00009924,0.05,0.00050002,0,-0.00050002,100.6504733,101.08,172594440,16765624012,Source: 'api:OfelyaRza'
356182459,1.69E+15,7/18/2023 12:08,BTC-PERPETUAL,trade,open sell,29920,-2476450,29918.5,29919.32,29907.08,0,0.0000419,0.05,0.00050003,0,-0.00050003,100.6509733,100.79,172586032,16765295019,Source: 'api:OfelyaRza'
356180420,1.69E+15,7/18/2023 12:02,BTC-PERPETUAL,trade,open sell,29930,-2446530,29926,29927.02,29913.66,0,0.00000416,0.05,0.00050007,0,-0.00050007,100.6514733,100.77,172585013,16765241858,Source: 'api:OfelyaRza'
356179172,1.69E+15,7/18/2023 11:59,BTC-PERPETUAL,trade,open sell,29770,-2416600,29899,29898.01,29884.85,0,0,0.05,0.00049784,0,-0.00049784,100.6519734,100.85,172584393,16765212172,Source: 'api:OfelyaRza'
356179171,1.69E+15,7/18/2023 11:59,BTC-PERPETUAL,trade,open sell,30,-2386830,29899,29898.01,29884.85,0,0,0.05,5.00E-07,0,-5.00E-07,100.6524713,100.85,172584392,16765212172,Source: 'api:OfelyaRza'
356179170,1.69E+15,7/18/2023 11:59,BTC-PERPETUAL,trade,open sell,100,-2386800,29899,29898.01,29884.85,0,0,0.05,0.00000167,0,-0.00000167,100.6524718,100.85,172584391,16765212172,Source: 'api:OfelyaRza'
356178444,1.69E+15,7/18/2023 11:58,BTC-PERPETUAL,trade,open sell,29910,-2386700,29907.5,29908.51,29898.12,0,0,0.05,0.00050004,0,-0.00050004,100.6524734,100.82,172584029,16765194393,Source: 'api:OfelyaRza'
356177297,1.69E+15,7/18/2023 11:56,BTC-PERPETUAL,trade,open sell,29110,-2356790,29878.5,29879.48,29875.61,0,0,0.05,0.00048714,0,-0.00048714,100.6529735,100.9,172583456,16765171521,Source: 'api:OfelyaRza'
356177296,1.69E+15,7/18/2023 11:56,BTC-PERPETUAL,trade,open sell,680,-2327680,29879,29879.48,29875.61,0,0,0.05,0.00001138,0,-0.00001138,100.6534606,100.9,172583455,16765171521,Source: 'api:OfelyaRza'
356177295,1.69E+15,7/18/2023 11:56,BTC-PERPETUAL,trade,open sell,100,-2327000,29884,29879.48,29875.61,0,0.00001222,0.05,0.00000167,0,-0.00000167,100.653472,100.9,172583454,16765171521,Source: 'api:OfelyaRza'
356174696,1.69E+15,7/18/2023 11:48,BTC-PERPETUAL,trade,open sell,6810,-2326900,29995.5,29995.06,29982.36,0,0,0.05,0.00011352,0,-0.00011352,100.6534737,100.6,172582157,16765093937,Source: 'api:OfelyaRza'
356174695,1.69E+15,7/18/2023 11:48,BTC-PERPETUAL,trade,open sell,16870,-2320090,29996,29995.06,29982.36,0,0,0.05,0.0002812,0,-0.0002812,100.6535872,100.6,172582156,16765093937,Source: 'api:OfelyaRza'
356174694,1.69E+15,7/18/2023 11:48,BTC-PERPETUAL,trade,open sell,5490,-2303220,29996.5,29995.06,29982.36,0,0,0.05,0.00009151,0,-0.00009151,100.6538684,100.6,172582155,16765093937,Source: 'api:OfelyaRza'
356174693,1.69E+15,7/18/2023 11:48,BTC-PERPETUAL,trade,open sell,20,-2297730,29997,29995.06,29982.36,0,0,0.049,3.30E-07,0,-3.30E-07,100.6539599,100.6,172582154,16765093937,Source: 'api:OfelyaRza'
356174692,1.69E+15,7/18/2023 11:48,BTC-PERPETUAL,trade,open sell,810,-2297710,29997,29995.06,29982.36,0,0,0.05,0.0000135,0,-0.0000135,100.6539602,100.6,172582153,16765093937,Source: 'api:OfelyaRza'
356174286,1.69E+15,7/18/2023 11:45,BTC-PERPETUAL,trade,open sell,30010,-2296900,30008.5,30010.15,30000.43,0,0,0.05,0.00050003,0,-0.00050003,100.6539737,100.56,172581952,16765066654,Source: 'api:OfelyaRza'
356173828,1.69E+15,7/18/2023 11:38,BTC-PERPETUAL,trade,open sell,30020,-2266890,30022,30022.66,30012.98,0,9.70E-07,0.05,0.00049997,0,-0.00049997,100.6544738,100.53,172581723,16765019045,Source: 'api:OfelyaRza'
356173442,1.69E+15,7/18/2023 11:33,BTC-PERPETUAL,trade,open sell,20050,-2236870,30050.5,30049.97,30035.56,0,0,0.05,0.00033361,0,-0.00033361,100.6549737,100.46,172581530,16764982184,Source: 'api:OfelyaRza'
356173441,1.69E+15,7/18/2023 11:33,BTC-PERPETUAL,trade,open sell,5000,-2216820,30050.5,30049.97,30035.56,0,0,0.05,0.00008319,0,-0.00008319,100.6553073,100.46,172581529,16764982184,Source: 'api:OfelyaRza'
356173440,1.69E+15,7/18/2023 11:33,BTC-PERPETUAL,trade,open sell,5000,-2211820,30050.5,30049.97,30035.56,0,1.00E-08,0.05,0.00008319,0,-0.00008319,100.6553905,100.46,172581528,16764982184,Source: 'api:OfelyaRza'
356173310,1.69E+15,7/18/2023 11:32,BTC-PERPETUAL,trade,open sell,29960,-2206820,30060,30059.3,30047.92,0,0,0.05,0.00049834,0,-0.00049834,100.6554737,100.44,172581465,16764972979,Source: 'api:OfelyaRza'
356173309,1.69E+15,7/18/2023 11:32,BTC-PERPETUAL,trade,open sell,100,-2176860,30060,30059.3,30047.92,0,0.00003519,0.05,0.00000166,0,-0.00000166,100.655972,100.44,172581464,16764972979,Source: 'api:OfelyaRza'
356137640,1.69E+15,7/18/2023 8:00,BTC-PERPETUAL,settlement,short,-2176760,-2176760,29970.79,0,0,0.58407786,0.00065252,-,0,0,0.58407786,100.6559737,100.66,,,
356013233,1.69E+15,7/17/2023 21:20,BTC-PERPETUAL,trade,open sell,29260,-2176760,30079,30080.79,30071.43,0,0,0.05,0.00048639,0,-0.00048639,100.0718958,100.39,172505503,16757146867,Source: 'api:OfelyaRza'
356013232,1.69E+15,7/17/2023 21:20,BTC-PERPETUAL,trade,open sell,600,-2147500,30079.5,30080.79,30071.43,0,0,0.05,0.00000997,0,-0.00000997,100.0723822,100.39,172505502,16757146867,Source: 'api:OfelyaRza'
356013231,1.69E+15,7/17/2023 21:20,BTC-PERPETUAL,trade,open sell,120,-2146900,30081,30080.79,30071.43,0,0,0.05,0.000002,0,-0.000002,100.0723922,100.39,172505501,16757146867,Source: 'api:OfelyaRza'
356013230,1.69E+15,7/17/2023 21:20,BTC-PERPETUAL,trade,open sell,100,-2146780,30081.5,30080.79,30071.43,0,0.00000789,0.05,0.00000166,0,-0.00000166,100.0723942,100.39,172505500,16757146867,Source: 'api:OfelyaRza'
356007750,1.69E+15,7/17/2023 21:05,BTC-PERPETUAL,trade,open sell,29970,-2146680,29970.5,29971,29966.23,0,0,0.05,0.00049999,0,-0.00049999,100.0723959,100.65,172502763,16757006086,Source: 'api:OfelyaRza'
356001874,1.69E+15,7/17/2023 20:47,BTC-PERPETUAL,trade,open sell,29840,-2116710,29937,29937.31,29940.35,0,0,0.05,0.00049838,0,-0.00049838,100.0728959,100.73,172499830,16756840696,Source: 'api:OfelyaRza'
356001873,1.69E+15,7/17/2023 20:47,BTC-PERPETUAL,trade,open sell,100,-2086870,29937,29937.31,29940.35,0,0,0.05,0.00000167,0,-0.00000167,100.0733942,100.73,172499829,16756840696,Source: 'api:OfelyaRza'
356001546,1.69E+15,7/17/2023 20:45,BTC-PERPETUAL,trade,open sell,16500,-2086770,29940.5,29938.81,29937.89,0,0,0.05,0.00027555,0,-0.00027555,100.0733959,100.73,172499666,16756823240,Source: 'api:OfelyaRza'
356001545,1.69E+15,7/17/2023 20:45,BTC-PERPETUAL,trade,open sell,13440,-2070270,29940.5,29938.81,29937.89,0,0,0.05,0.00022445,0,-0.00022445,100.0736715,100.73,172499665,16756823240,Source: 'api:OfelyaRza'
355996803,1.69E+15,7/17/2023 20:26,BTC-PERPETUAL,trade,open sell,29950,-2056830,29950,29952.54,29953.89,0,0,0.05,0.0005,0,-0.0005,100.0738959,100.7,172497295,16756653661,Source: 'api:OfelyaRza'
355996359,1.69E+15,7/17/2023 20:24,BTC-PERPETUAL,trade,open sell,29950,-2026880,29952.5,29951.67,29948.34,0,0,0.05,0.00049996,0,-0.00049996,100.0743959,100.7,172497073,16756635707,Source: 'api:OfelyaRza'
355996073,1.69E+15,7/17/2023 20:23,BTC-PERPETUAL,trade,open sell,29940,-1996930,29938,29941.28,29936.49,0,0,0.05,0.00050003,0,-0.00050003,100.0748959,100.72,172496930,16756626833,Source: 'api:OfelyaRza'
355995835,1.69E+15,7/17/2023 20:22,BTC-PERPETUAL,trade,open sell,29950,-1966990,29945.5,29943.88,29939.47,0,0,0.05,0.00050008,0,-0.00050008,100.0753959,100.72,172496811,16756617479,Source: 'api:OfelyaRza'
355995723,1.69E+15,7/17/2023 20:22,BTC-PERPETUAL,trade,open sell,29960,-1937040,29955.5,29956.47,29952.99,0,0,0.05,0.00050008,0,-0.00050008,100.075896,100.69,172496755,16756612644,Source: 'api:OfelyaRza'
355994381,1.69E+15,7/17/2023 20:17,BTC-PERPETUAL,trade,open sell,29990,-1907080,29984.5,29982.8,29982.17,0,0,0.05,0.00050009,0,-0.00050009,100.076396,100.64,172496084,16756569811,Source: 'api:OfelyaRza'
355992541,1.69E+15,7/17/2023 20:10,BTC-PERPETUAL,trade,open sell,29970,-1877090,29970.5,29971.48,29970.19,0,0,0.05,0.00049999,0,-0.00049999,100.0768961,100.66,172495164,16756497609,Source: 'api:OfelyaRza'
355990736,1.69E+15,7/17/2023 20:04,BTC-PERPETUAL,trade,open sell,29970,-1847120,29971,29971.89,29967.04,0,0,0.05,0.00049998,0,-0.00049998,100.0773961,100.66,172494262,16756440178,Source: 'api:OfelyaRza'
355986712,1.69E+15,7/17/2023 19:55,BTC-PERPETUAL,trade,open sell,10,-1817150,29873.5,29875.8,29871.33,0,0,0.051,1.70E-07,0,-1.70E-07,100.0778961,100.86,172492254,16756347197,Source: 'api:OfelyaRza'
355986711,1.69E+15,7/17/2023 19:55,BTC-PERPETUAL,trade,open sell,29870,-1817140,29873.5,29875.8,29871.33,0,0,0.05,0.00049994,0,-0.00049994,100.0778963,100.86,172492253,16756347197,Source: 'api:OfelyaRza'
355986682,1.69E+15,7/17/2023 19:55,BTC-PERPETUAL,trade,open sell,29880,-1787270,29873.5,29876.9,29871.08,0,0.00000406,0.05,0.00050011,0,-0.00050011,100.0783962,100.85,172492239,16756345584,Source: 'api:OfelyaRza'
355985890,1.69E+15,7/17/2023 19:52,BTC-PERPETUAL,trade,open sell,23160,-1757390,29862.5,29862.76,29853.32,0,0,0.05,0.00038778,0,-0.00038778,100.0788963,100.88,172491843,16756319390,Source: 'api:OfelyaRza'
355985889,1.69E+15,7/17/2023 19:52,BTC-PERPETUAL,trade,open sell,6720,-1734230,29862.5,29862.76,29853.32,0,5.70E-07,0.05,0.00011252,0,-0.00011252,100.0792841,100.88,172491842,16756319390,Source: 'api:OfelyaRza'
355985436,1.69E+15,7/17/2023 19:51,BTC-PERPETUAL,trade,open sell,20,-1727510,29862,29846.9,29835.82,0,0,0.051,3.40E-07,0,-3.40E-07,100.0793966,100.91,172491616,16756304334,Source: 'api:OfelyaRza'
355985435,1.69E+15,7/17/2023 19:51,BTC-PERPETUAL,trade,open sell,29860,-1727490,29862,29846.9,29835.82,0,0.00163315,0.05,0.00049997,0,-0.00049997,100.079397,100.91,172491615,16756304334,Source: 'api:OfelyaRza'
355788271,1.69E+15,7/17/2023 9:02,BTC-PERPETUAL,trade,open sell,29740,-1697630,30287.5,30289.45,30287.62,0,0,0.05,0.00049096,0,-0.00049096,100.0798969,100.08,172392200,16749951402,Source: 'api:OfelyaRza'
355788270,1.69E+15,7/17/2023 9:02,BTC-PERPETUAL,trade,open sell,550,-1667890,30287.5,30289.45,30287.62,0,0,0.05,0.00000908,0,-0.00000908,100.0803879,100.08,172392199,16749951402,Source: 'api:OfelyaRza'
355766730,1.69E+15,7/17/2023 8:00,BTC-PERPETUAL,settlement,short,-1667340,-1667340,30290.28,0,0,0.00491022,0,-,0,0,0.00491022,100.080397,100.08,,,
355756639,1.69E+15,7/17/2023 7:58,BTC-PERPETUAL,trade,open sell,30280,-1667340,30281.5,30283.48,30281.94,0,0.00000389,0.05,0.00049998,0,-0.00049998,100.0754867,100.09,172380118,16749516861,Source: 'api:OfelyaRza'
355657479,1.69E+15,7/16/2023 21:07,BTC-PERPETUAL,trade,open sell,30190,-1637060,30293,30293.85,30290.09,0,0,0.05,0.0004983,0,-0.0004983,100.0759867,100.07,172330618,16744867425,Source: 'api:OfelyaRza'
355657478,1.69E+15,7/16/2023 21:07,BTC-PERPETUAL,trade,open sell,100,-1606870,30293,30293.85,30290.09,0,0,0.05,0.00000165,0,-0.00000165,100.076485,100.07,172330617,16744867425,Source: 'api:OfelyaRza'
355657475,1.69E+15,7/16/2023 21:06,BTC-PERPETUAL,trade,open sell,30290,-1606770,30293,30293.62,30290.01,0,0,0.05,0.00049995,0,-0.00049995,100.0764867,100.08,172330616,16744865973,Source: 'api:OfelyaRza'
355657411,1.69E+15,7/16/2023 21:04,BTC-PERPETUAL,trade,open sell,30290,-1576480,30291.5,30292.51,30288.68,0,0,0.05,0.00049998,0,-0.00049998,100.0769866,100.08,172330584,16744850539,Source: 'api:OfelyaRza'
355657323,1.69E+15,7/16/2023 21:01,BTC-PERPETUAL,trade,open sell,30290,-1546190,30290.5,30291.62,30288.07,0,0,0.05,0.00049999,0,-0.00049999,100.0774866,100.08,172330544,16744831104,Source: 'api:OfelyaRza'
355657095,1.69E+15,7/16/2023 20:51,BTC-PERPETUAL,trade,open sell,30310,-1515900,30310.5,30310.18,30295.55,0,0.00000162,0.05,0.00049999,0,-0.00049999,100.0779866,100.05,172330430,16744757740,Source: 'api:OfelyaRza'
355656963,1.69E+15,7/16/2023 20:45,BTC-PERPETUAL,trade,open sell,260,-1485590,30310.5,30311.36,30304.99,0,0,0.05,0.00000429,0,-0.00000429,100.0784866,100.05,172330364,16744716158,Source: 'api:OfelyaRza'
355656962,1.69E+15,7/16/2023 20:45,BTC-PERPETUAL,trade,open sell,30050,-1485330,30310.5,30311.36,30304.99,0,0,0.05,0.0004957,0,-0.0004957,100.0784909,100.05,172330363,16744716158,Source: 'api:OfelyaRza'
355648106,1.69E+15,7/16/2023 19:40,BTC-PERPETUAL,trade,open sell,24910,-1455280,30270,30270.13,30267.19,0,0,0.05,0.00041146,0,-0.00041146,100.0789866,100.11,172325940,16744234525,Source: 'api:OfelyaRza'
355648105,1.69E+15,7/16/2023 19:40,BTC-PERPETUAL,trade,open sell,5360,-1430370,30270,30270.13,30267.19,0,0,0.05,0.00008854,0,-0.00008854,100.079398,100.11,172325939,16744234525,Source: 'api:OfelyaRza'
355648102,1.69E+15,7/16/2023 19:40,BTC-PERPETUAL,trade,open sell,30270,-1425010,30270,30270.11,30267.19,0,0,0.05,0.0005,0,-0.0005,100.0794866,100.12,172325938,16744234295,Source: 'api:OfelyaRza'
355636479,1.69E+15,7/16/2023 19:07,BTC-PERPETUAL,trade,open sell,30210,-1394740,30309,30309.49,30303.92,0,0,0.05,0.00049837,0,-0.00049837,100.0799866,100.06,172320127,16743988896,Source: 'api:OfelyaRza'
355636478,1.69E+15,7/16/2023 19:07,BTC-PERPETUAL,trade,open sell,100,-1364530,30309,30309.49,30303.92,0,0,0.05,0.00000165,0,-0.00000165,100.0804849,100.06,172320126,16743988896,Source: 'api:OfelyaRza'
355636475,1.69E+15,7/16/2023 19:07,BTC-PERPETUAL,trade,open sell,30310,-1364430,30309,30309.24,30303.67,0,0,0.05,0.00050002,0,-0.00050002,100.0804866,100.06,172320125,16743988621,Source: 'api:OfelyaRza'
355636463,1.69E+15,7/16/2023 19:07,BTC-PERPETUAL,trade,open sell,30210,-1334120,30309,30307.87,30304.71,0,0,0.05,0.00049837,0,-0.00049837,100.0809866,100.06,172320119,16743985043,Source: 'api:OfelyaRza'
355636462,1.69E+15,7/16/2023 19:07,BTC-PERPETUAL,trade,open sell,100,-1303910,30309,30307.87,30304.71,0,0,0.05,0.00000165,0,-0.00000165,100.081485,100.06,172320118,16743985043,Source: 'api:OfelyaRza'
355636459,1.69E+15,7/16/2023 19:07,BTC-PERPETUAL,trade,open sell,30310,-1303810,30309,30307.05,30304.21,0,0,0.05,0.00050002,0,-0.00050002,100.0814866,100.06,172320117,16743984710,Source: 'api:OfelyaRza'
355636337,1.69E+15,7/16/2023 19:05,BTC-PERPETUAL,trade,open sell,30230,-1273500,30314,30316.61,30310.47,0,0,0.05,0.00049862,0,-0.00049862,100.0819866,100.05,172320056,16743970264,Source: 'api:OfelyaRza'
355636336,1.69E+15,7/16/2023 19:05,BTC-PERPETUAL,trade,open sell,90,-1243270,30314,30316.61,30310.47,0,0,0.05,0.00000148,0,-0.00000148,100.0824852,100.05,172320055,16743970264,Source: 'api:OfelyaRza'
355636333,1.69E+15,7/16/2023 19:05,BTC-PERPETUAL,trade,open sell,30220,-1243180,30314,30316.13,30309.69,0,0,0.05,0.00049845,0,-0.00049845,100.0824867,100.05,172320054,16743969881,Source: 'api:OfelyaRza'
355636332,1.69E+15,7/16/2023 19:05,BTC-PERPETUAL,trade,open sell,100,-1212960,30314,30316.13,30309.69,0,0,0.05,0.00000165,0,-0.00000165,100.0829852,100.05,172320053,16743969881,Source: 'api:OfelyaRza'
355636245,1.69E+15,7/16/2023 19:04,BTC-PERPETUAL,trade,open sell,30320,-1212860,30317.5,30318.36,30318.21,0,0,0.05,0.00050004,0,-0.00050004,100.0829868,100.05,172320010,16743962928,Source: 'api:OfelyaRza'
355636231,1.69E+15,7/16/2023 19:04,BTC-PERPETUAL,trade,open sell,30320,-1182540,30315.5,30316.76,30316.67,0,0,0.05,0.00050007,0,-0.00050007,100.0834869,100.05,172320003,16743962451,Source: 'api:OfelyaRza'
355635841,1.69E+15,7/16/2023 19:01,BTC-PERPETUAL,trade,open sell,30200,-1152220,30299,30297.65,30295.47,0,0,0.05,0.00049837,0,-0.00049837,100.0839869,100.07,172319808,16743944411,Source: 'api:OfelyaRza'
355635840,1.69E+15,7/16/2023 19:01,BTC-PERPETUAL,trade,open sell,100,-1122020,30299,30297.65,30295.47,0,0,0.05,0.00000165,0,-0.00000165,100.0844853,100.07,172319807,16743944411,Source: 'api:OfelyaRza'
355635555,1.69E+15,7/16/2023 18:58,BTC-PERPETUAL,trade,open sell,30290,-1121920,30283.5,30284.49,30281.73,0,0,0.05,0.00050011,0,-0.00050011,100.084487,100.09,172319665,16743914348,Source: 'api:OfelyaRza'
355635237,1.69E+15,7/16/2023 18:56,BTC-PERPETUAL,trade,open sell,400,-1091630,30279,30275.27,30266.73,0,0,0.05,0.00000661,0,-0.00000661,100.0849871,100.1,172319506,16743901037,Source: 'api:OfelyaRza'
355635236,1.69E+15,7/16/2023 18:56,BTC-PERPETUAL,trade,open sell,29870,-1091230,30279.5,30275.27,30266.73,0,0,0.05,0.00049324,0,-0.00049324,100.0849937,100.1,172319505,16743901037,Source: 'api:OfelyaRza'
355633584,1.69E+15,7/16/2023 18:41,BTC-PERPETUAL,trade,open sell,30210,-1061360,30309,30310.63,30306.2,0,0,0.05,0.00049837,0,-0.00049837,100.0854869,100.06,172318680,16743781520,Source: 'api:OfelyaRza'
355633583,1.69E+15,7/16/2023 18:41,BTC-PERPETUAL,trade,open sell,100,-1031150,30309,30310.63,30306.2,0,0.00000515,0.05,0.00000165,0,-0.00000165,100.0859853,100.06,172318679,16743781520,Source: 'api:OfelyaRza'
355632071,1.69E+15,7/16/2023 18:38,BTC-PERPETUAL,trade,open sell,30340,-1031050,30343.5,30345.01,30338.92,0,0,0.05,0.00049994,0,-0.00049994,100.0859869,100.02,172317925,16743759971,Source: 'api:OfelyaRza'
355618113,1.69E+15,7/16/2023 17:26,BTC-PERPETUAL,trade,open sell,30410,-1000710,30405.5,30406.47,30401.24,0,0.00032197,0.05,0.00050007,0,-0.00050007,100.0864869,99.96,172310959,16743231379,Source: 'api:OfelyaRza'
355516845,1.69E+15,7/16/2023 8:00,BTC-PERPETUAL,settlement,short,-970300,-970300,30283.65,0,0,0.04444212,0.00014826,-,0,0,0.04444212,100.0869869,100.09,,,
355403722,1.69E+15,7/15/2023 21:06,BTC-PERPETUAL,trade,open sell,360,-970300,30317.5,30316.77,30306.66,0,0,0.05,0.00000594,0,-0.00000594,100.0425448,100.05,172207769,16734053044,Source: 'api:OfelyaRza'
355403721,1.69E+15,7/15/2023 21:06,BTC-PERPETUAL,trade,open sell,29960,-969940,30317.5,30316.77,30306.66,0,0,0.05,0.0004941,0,-0.0004941,100.0425508,100.05,172207768,16734053044,Source: 'api:OfelyaRza'
355403693,1.69E+15,7/15/2023 21:02,BTC-PERPETUAL,trade,open sell,30320,-939980,30317.5,30317.65,30309.07,0,0,0.05,0.00050004,0,-0.00050004,100.0430449,100.05,172207755,16734022146,Source: 'api:OfelyaRza'
355403517,1.69E+15,7/15/2023 20:56,BTC-PERPETUAL,trade,open sell,30320,-909660,30320,30320.67,30317.78,0,0,0.05,0.0005,0,-0.0005,100.0435449,100.05,172207671,16733977070,Source: 'api:OfelyaRza'
355403485,1.69E+15,7/15/2023 20:53,BTC-PERPETUAL,trade,open sell,30230,-879340,30320,30320.48,30317.38,0,0,0.05,0.00049852,0,-0.00049852,100.0440449,100.05,172207655,16733953860,Source: 'api:OfelyaRza'
355403484,1.69E+15,7/15/2023 20:53,BTC-PERPETUAL,trade,open sell,90,-849110,30320,30320.48,30317.38,0,0,0.05,0.00000148,0,-0.00000148,100.0445434,100.05,172207654,16733953860,Source: 'api:OfelyaRza'
355403479,1.69E+15,7/15/2023 20:52,BTC-PERPETUAL,trade,open sell,10,-849020,30320,30320.81,30317.33,0,0,0.052,1.70E-07,0,-1.70E-07,100.0445449,100.05,172207652,16733949453,Source: 'api:OfelyaRza'
355403478,1.69E+15,7/15/2023 20:52,BTC-PERPETUAL,trade,open sell,30310,-849010,30320,30320.81,30317.33,0,0,0.05,0.00049984,0,-0.00049984,100.0445451,100.05,172207651,16733949453,Source: 'api:OfelyaRza'
355403439,1.69E+15,7/15/2023 20:51,BTC-PERPETUAL,trade,open sell,30320,-818700,30320,30320.57,30317.92,0,0,0.05,0.0005,0,-0.0005,100.0450449,100.05,172207632,16733936169,Source: 'api:OfelyaRza'
355403435,1.69E+15,7/15/2023 20:50,BTC-PERPETUAL,trade,open sell,30220,-788380,30320,30320.47,30318.2,0,0,0.05,0.00049835,0,-0.00049835,100.0455449,100.05,172207630,16733934086,Source: 'api:OfelyaRza'
355403434,1.69E+15,7/15/2023 20:50,BTC-PERPETUAL,trade,open sell,100,-758160,30320,30320.47,30318.2,0,0,0.05,0.00000165,0,-0.00000165,100.0460433,100.05,172207629,16733934086,Source: 'api:OfelyaRza'
355403427,1.69E+15,7/15/2023 20:49,BTC-PERPETUAL,trade,open sell,30320,-758060,30320,30322.88,30318.37,0,0,0.05,0.0005,0,-0.0005,100.0460449,100.05,172207626,16733927577,Source: 'api:OfelyaRza'
355403425,1.69E+15,7/15/2023 20:49,BTC-PERPETUAL,trade,open sell,30300,-727740,30320,30323.57,30317.45,0,0,0.05,0.00049967,0,-0.00049967,100.0465449,100.05,172207625,16733924524,Source: 'api:OfelyaRza'
355403424,1.69E+15,7/15/2023 20:49,BTC-PERPETUAL,trade,open sell,20,-697440,30320,30323.57,30317.45,0,0,0.05,3.30E-07,0,-3.30E-07,100.0470446,100.05,172207624,16733924524,Source: 'api:OfelyaRza'
355403397,1.69E+15,7/15/2023 20:48,BTC-PERPETUAL,trade,open sell,30220,-697420,30320,30321.27,30314.99,0,0,0.05,0.00049835,0,-0.00049835,100.0470449,100.05,172207611,16733920018,Source: 'api:OfelyaRza'
355403396,1.69E+15,7/15/2023 20:48,BTC-PERPETUAL,trade,open sell,100,-667200,30320,30321.27,30314.99,0,0,0.05,0.00000165,0,-0.00000165,100.0475433,100.05,172207610,16733920018,Source: 'api:OfelyaRza'
355403393,1.69E+15,7/15/2023 20:48,BTC-PERPETUAL,trade,open sell,30320,-667100,30320,30321.43,30314.8,0,0,0.05,0.0005,0,-0.0005,100.0475449,100.05,172207609,16733917640,Source: 'api:OfelyaRza'
355403387,1.69E+15,7/15/2023 20:47,BTC-PERPETUAL,trade,open sell,50,-636780,30320,30321.28,30314.72,0,0,0.05,8.30E-07,0,-8.30E-07,100.0480449,100.05,172207606,16733909928,Source: 'api:OfelyaRza'
355403386,1.69E+15,7/15/2023 20:47,BTC-PERPETUAL,trade,open sell,30270,-636730,30320,30321.28,30314.72,0,0,0.05,0.00049918,0,-0.00049918,100.0480457,100.05,172207605,16733909928,Source: 'api:OfelyaRza'
355403381,1.69E+15,7/15/2023 20:47,BTC-PERPETUAL,trade,open sell,30320,-606460,30320,30321.38,30314.34,0,0,0.05,0.0005,0,-0.0005,100.0485449,100.05,172207603,16733906492,Source: 'api:OfelyaRza'
355403373,1.69E+15,7/15/2023 20:46,BTC-PERPETUAL,trade,open sell,30320,-576140,30320,30321.64,30314.14,0,0,0.05,0.0005,0,-0.0005,100.0490449,100.05,172207599,16733902714,Source: 'api:OfelyaRza'
355403367,1.69E+15,7/15/2023 20:46,BTC-PERPETUAL,trade,open sell,30220,-545820,30320,30321.17,30312.54,0,0,0.05,0.00049835,0,-0.00049835,100.0495449,100.05,172207596,16733897603,Source: 'api:OfelyaRza'
355403366,1.69E+15,7/15/2023 20:46,BTC-PERPETUAL,trade,open sell,100,-515600,30320,30321.17,30312.54,0,0,0.05,0.00000165,0,-0.00000165,100.0500433,100.05,172207595,16733897603,Source: 'api:OfelyaRza'
355403353,1.69E+15,7/15/2023 20:44,BTC-PERPETUAL,trade,open sell,30320,-515500,30320,30319.39,30309.49,0,0,0.05,0.0005,0,-0.0005,100.0500449,100.06,172207589,16733887552,Source: 'api:OfelyaRza'
355403096,1.69E+15,7/15/2023 20:36,BTC-PERPETUAL,trade,open sell,30210,-485180,30310,30310.04,30305.24,0,0,0.05,0.00049835,0,-0.00049835,100.0505449,100.06,172207461,16733830689,Source: 'api:OfelyaRza'
355403095,1.69E+15,7/15/2023 20:36,BTC-PERPETUAL,trade,open sell,100,-454970,30310,30310.04,30305.24,0,0,0.05,0.00000165,0,-0.00000165,100.0510433,100.06,172207460,16733830689,Source: 'api:OfelyaRza'
355403042,1.69E+15,7/15/2023 20:35,BTC-PERPETUAL,trade,open sell,30310,-454870,30310,30310.12,30301.09,0,0,0.05,0.0005,0,-0.0005,100.0510449,100.06,172207434,16733816111,Source: 'api:OfelyaRza'
355402985,1.69E+15,7/15/2023 20:31,BTC-PERPETUAL,trade,open sell,30310,-424560,30314,30314.38,30307.08,0,0,0.05,0.00049993,0,-0.00049993,100.0515449,100.06,172207406,16733793874,Source: 'api:OfelyaRza'
355402835,1.69E+15,7/15/2023 20:28,BTC-PERPETUAL,trade,open sell,20,-394250,30326,30325.54,30316.94,0,0,0.05,3.30E-07,0,-3.30E-07,100.0520448,100.06,172207331,16733766377,Source: 'api:OfelyaRza'
355402834,1.69E+15,7/15/2023 20:28,BTC-PERPETUAL,trade,open sell,30310,-394230,30326,30325.54,30316.94,0,0,0.05,0.00049974,0,-0.00049974,100.0520452,100.06,172207330,16733766377,Source: 'api:OfelyaRza'
355402825,1.69E+15,7/15/2023 20:26,BTC-PERPETUAL,trade,open sell,30230,-363920,30326,30326.9,30317.73,0,0,0.05,0.00049842,0,-0.00049842,100.0525449,100.06,172207326,16733757643,Source: 'api:OfelyaRza'
355402824,1.69E+15,7/15/2023 20:26,BTC-PERPETUAL,trade,open sell,100,-333690,30326,30326.9,30317.73,0,0,0.05,0.00000165,0,-0.00000165,100.0530433,100.06,172207325,16733757643,Source: 'api:OfelyaRza'
355402819,1.69E+15,7/15/2023 20:25,BTC-PERPETUAL,trade,open sell,30230,-333590,30326,30327.21,30318.35,0,0,0.05,0.00049842,0,-0.00049842,100.053045,100.06,172207323,16733749385,Source: 'api:OfelyaRza'
355402818,1.69E+15,7/15/2023 20:25,BTC-PERPETUAL,trade,open sell,100,-303360,30326,30327.21,30318.35,0,0,0.05,0.00000165,0,-0.00000165,100.0535434,100.06,172207322,16733749385,Source: 'api:OfelyaRza'
355402815,1.69E+15,7/15/2023 20:25,BTC-PERPETUAL,trade,open sell,30330,-303260,30326,30325.69,30317.21,0,0,0.05,0.00050007,0,-0.00050007,100.053545,100.06,172207321,16733746974,Source: 'api:OfelyaRza'
355402811,1.69E+15,7/15/2023 20:25,BTC-PERPETUAL,trade,open sell,30310,-272930,30326,30327.14,30319.36,0,0,0.05,0.00049974,0,-0.00049974,100.0540451,100.06,172207319,16733744976,Source: 'api:OfelyaRza'
355402810,1.69E+15,7/15/2023 20:25,BTC-PERPETUAL,trade,open sell,20,-242620,30326,30327.14,30319.36,0,0,0.05,3.30E-07,0,-3.30E-07,100.0545448,100.06,172207318,16733744976,Source: 'api:OfelyaRza'
355402807,1.69E+15,7/15/2023 20:24,BTC-PERPETUAL,trade,open sell,80,-242600,30326,30327.09,30319.43,0,0,0.05,0.00000132,0,-0.00000132,100.0545452,100.06,172207317,16733739453,Source: 'api:OfelyaRza'
355402806,1.69E+15,7/15/2023 20:24,BTC-PERPETUAL,trade,open sell,30250,-242520,30326,30327.09,30319.43,0,0,0.05,0.00049875,0,-0.00049875,100.0545465,100.06,172207316,16733739453,Source: 'api:OfelyaRza'
355402697,1.69E+15,7/15/2023 20:21,BTC-PERPETUAL,trade,open sell,30330,-212270,30329.5,30330.51,30320.67,0,0,0.05,0.00050001,0,-0.00050001,100.0550452,100.06,172207262,16733717597,Source: 'api:OfelyaRza'
355402693,1.69E+15,7/15/2023 20:21,BTC-PERPETUAL,trade,open sell,30330,-181940,30329.5,30330.51,30320.14,0,0,0.05,0.00050001,0,-0.00050001,100.0555452,100.06,172207260,16733715988,Source: 'api:OfelyaRza'
355402621,1.69E+15,7/15/2023 20:17,BTC-PERPETUAL,trade,open sell,30330,-151610,30329.5,30329.27,30318.96,0,0,0.05,0.00050001,0,-0.00050001,100.0560453,100.06,172207224,16733688777,Source: 'api:OfelyaRza'
355402593,1.69E+15,7/15/2023 20:17,BTC-PERPETUAL,trade,open sell,30330,-121280,30329.5,30330.45,30321.6,0,0,0.05,0.00050001,0,-0.00050001,100.0565453,100.06,172207210,16733686698,Source: 'api:OfelyaRza'
355402491,1.69E+15,7/15/2023 20:14,BTC-PERPETUAL,trade,open sell,30320,-90950,30322.5,30322.99,30313.01,0,0,0.05,0.00049996,0,-0.00049996,100.0570453,100.06,172207159,16733664434,Source: 'api:OfelyaRza'
355402479,1.69E+15,7/15/2023 20:13,BTC-PERPETUAL,trade,open sell,30300,-60630,30322.5,30322.67,30311.26,0,0,0.05,0.00049963,0,-0.00049963,100.0575452,100.06,172207153,16733659923,Source: 'api:OfelyaRza'
355402478,1.69E+15,7/15/2023 20:13,BTC-PERPETUAL,trade,open sell,10,-30330,30322.5,30322.67,30311.26,0,0,0.052,1.70E-07,0,-1.70E-07,100.0580449,100.06,172207152,16733659923,Source: 'api:OfelyaRza'
355402477,1.69E+15,7/15/2023 20:13,BTC-PERPETUAL,trade,open sell,10,-30320,30322.5,30322.67,30311.26,0,0,0.052,1.70E-07,0,-1.70E-07,100.058045,100.06,172207151,16733659923,Source: 'api:OfelyaRza'
355402321,1.69E+15,7/15/2023 20:09,BTC-PERPETUAL,trade,open sell,26830,-30310,30314,30314.72,30303.72,0,0,0.05,0.00044254,0,-0.00044254,100.0580452,100.06,172207074,16733630477,Source: 'api:OfelyaRza'
355402320,1.69E+15,7/15/2023 20:09,BTC-PERPETUAL,trade,open sell,100,-3480,30314,30314.72,30303.72,0,0,0.05,0.00000165,0,-0.00000165,100.0584877,100.06,172207073,16733630477,Source: 'api:OfelyaRza'
355402319,1.69E+15,7/15/2023 20:09,BTC-PERPETUAL,trade,open sell,3380,-3380,30314,30314.72,30303.72,0,0,0.05,0.00005575,0,-0.00005575,100.0584894,100.06,172207072,16733630477,Source: 'api:OfelyaRza'
355402264,1.69E+15,7/15/2023 20:08,BTC-PERPETUAL,trade,close buy,30310,0,30320.5,30318.17,30303.12,-0.00001649,0,0.05,0.00049983,0,-0.00049983,100.0585451,100.06,172207046,16733626457,Source: api
355402263,1.69E+15,7/15/2023 20:08,BTC-PERPETUAL,trade,open sell,30310,-30310,30320,30318.14,30303.12,0,0,0.05,0.00049984,0,-0.00049984,100.0590449,100.06,172207045,16733626401,Source: 'api:OfelyaRza'
355402227,1.69E+15,7/15/2023 20:08,BTC-PERPETUAL,trade,close buy,28820,0,30320.5,30319.01,30307.52,-0.00001567,0,0.05,0.00047526,0,-0.00047526,100.0595448,100.06,172207027,16733623280,Source: api
355402226,1.69E+15,7/15/2023 20:08,BTC-PERPETUAL,trade,close buy,1500,-28820,30320.5,30319.01,30307.52,-8.20E-07,0,0.05,0.00002474,0,-0.00002474,100.06002,100.06,172207026,16733623280,Source: api
355402223,1.69E+15,7/15/2023 20:08,BTC-PERPETUAL,trade,open sell,30220,-30320,30320,30318.96,30307.52,0,0,0.05,0.00049835,0,-0.00049835,100.0600448,100.06,172207025,16733623215,Source: 'api:OfelyaRza'
355402222,1.69E+15,7/15/2023 20:08,BTC-PERPETUAL,trade,open sell,100,-100,30320,30318.96,30307.52,0,0,0.05,0.00000165,0,-0.00000165,100.0605431,100.06,172207024,16733623215,Source: 'api:OfelyaRza'
355402062,1.69E+15,7/15/2023 20:05,BTC-PERPETUAL,trade,close buy,9870,0,30331.5,30330.83,30320.62,-0.00000536,0,0.05,0.0001627,0,-0.0001627,100.0605448,100.07,172206945,16733599815,Source: api
355402061,1.69E+15,7/15/2023 20:05,BTC-PERPETUAL,trade,close buy,20460,-9870,30331.5,30330.83,30320.62,-0.00001112,0,0.05,0.00033727,0,-0.00033727,100.0607075,100.07,172206944,16733599815,Source: api
355402059,1.69E+15,7/15/2023 20:05,BTC-PERPETUAL,trade,open sell,30330,-30330,30331,30331.18,30320.95,0,0,0.05,0.00049998,0,-0.00049998,100.0610447,100.07,172206943,16733599720,Source: 'api:OfelyaRza'
355402025,1.69E+15,7/15/2023 20:04,BTC-PERPETUAL,trade,close buy,10930,0,30334,30332.02,30323.06,0.00013545,0,0.05,0.00018016,0,-0.00018016,100.0615447,100.07,172206927,16733594291,Source: api
355402024,1.69E+15,7/15/2023 20:04,BTC-PERPETUAL,trade,close buy,1980,-10930,30333.5,30332.02,30323.06,0.00002561,0,0.05,0.00003264,0,-0.00003264,100.0617249,100.07,172206926,16733594291,Source: api
355402023,1.69E+15,7/15/2023 20:04,BTC-PERPETUAL,trade,close buy,120,-12910,30333.5,30332.02,30323.06,0.00000155,0,0.05,0.00000198,0,-0.00000198,100.0617575,100.07,172206925,16733594291,Source: api
355402022,1.69E+15,7/15/2023 20:04,BTC-PERPETUAL,trade,close buy,200,-13030,30333,30332.02,30323.06,0.0000027,0,0.05,0.0000033,0,-0.0000033,100.0617595,100.07,172206924,16733594291,Source: api
355402021,1.69E+15,7/15/2023 20:04,BTC-PERPETUAL,trade,close buy,10,-13230,30333,30332.02,30323.06,1.40E-07,0,0.052,1.70E-07,0,-1.70E-07,100.0617628,100.07,172206923,16733594291,Source: api
355402020,1.69E+15,7/15/2023 20:04,BTC-PERPETUAL,trade,close buy,1500,-13240,30332.5,30332.02,30323.06,0.00002103,0,0.05,0.00002473,0,-0.00002473,100.061763,100.07,172206922,16733594291,Source: api
355402019,1.69E+15,7/15/2023 20:04,BTC-PERPETUAL,trade,close buy,100,-14740,30332,30332.02,30323.06,0.00000146,0,0.05,0.00000165,0,-0.00000165,100.0617877,100.07,172206921,16733594291,Source: api
355402018,1.69E+15,7/15/2023 20:04,BTC-PERPETUAL,trade,close buy,129060,-14840,30331.5,30332.02,30323.06,0.00195007,0,0.05,0.00212749,0,-0.00212749,100.0617893,100.07,172206920,16733594291,Source: api
355402017,1.69E+15,7/15/2023 20:04,BTC-PERPETUAL,trade,close buy,129060,-143900,30331.5,30332.02,30323.06,0.00195007,0,0.05,0.00212749,0,-0.00212749,100.0639168,100.07,172206919,16733594291,Source: api
355402016,1.69E+15,7/15/2023 20:04,BTC-PERPETUAL,trade,close buy,30330,-272960,30331.5,30332.02,30323.06,0.00045828,0,0.05,0.00049998,0,-0.00049998,100.0660443,100.07,172206918,16733594291,Source: api
355402007,1.69E+15,7/15/2023 20:04,BTC-PERPETUAL,trade,open sell,30220,-303290,30331,30332.02,30323.06,0,0,0.05,0.00049817,0,-0.00049817,100.0665443,100.07,172206917,16733594154,Source: 'api:OfelyaRza'
355402006,1.69E+15,7/15/2023 20:04,BTC-PERPETUAL,trade,open sell,10,-273070,30331,30332.02,30323.06,0,0,0.052,1.70E-07,0,-1.70E-07,100.0670425,100.07,172206916,16733594154,Source: 'api:OfelyaRza'
355402005,1.69E+15,7/15/2023 20:04,BTC-PERPETUAL,trade,open sell,100,-273060,30331,30332.02,30323.06,0,0,0.05,0.00000165,0,-0.00000165,100.0670426,100.07,172206915,16733594154,Source: 'api:OfelyaRza'
355401639,1.69E+15,7/15/2023 19:58,BTC-PERPETUAL,trade,open sell,29550,-272960,30349.5,30349.14,30337.77,0,0,0.05,0.00048683,0,-0.00048683,100.0670443,100.07,172206737,16733549463,Source: 'api:OfelyaRza'
355401638,1.69E+15,7/15/2023 19:58,BTC-PERPETUAL,trade,open sell,800,-243410,30349.5,30349.14,30337.77,0,0,0.05,0.00001318,0,-0.00001318,100.0675311,100.07,172206736,16733549463,Source: 'api:OfelyaRza'
355401560,1.69E+15,7/15/2023 19:57,BTC-PERPETUAL,trade,open sell,30350,-242610,30349.5,30352.1,30339.25,0,5.00E-08,0.05,0.00050001,0,-0.00050001,100.0675443,100.07,172206698,16733540923,Source: 'api:OfelyaRza'
355401484,1.69E+15,7/15/2023 19:56,BTC-PERPETUAL,trade,open sell,30350,-212260,30358,30357.41,30341.58,0,6.00E-08,0.05,0.00049987,0,-0.00049987,100.0680443,100.07,172206660,16733536127,Source: 'api:OfelyaRza'
355401224,1.69E+15,7/15/2023 19:53,BTC-PERPETUAL,trade,open sell,30350,-181910,30348.5,30346.7,30337.83,0,0,0.05,0.00050003,0,-0.00050003,100.0685442,100.07,172206530,16733513092,Source: 'api:OfelyaRza'
355401056,1.69E+15,7/15/2023 19:42,BTC-PERPETUAL,trade,open sell,30350,-151560,30348.5,30347.82,30340.34,0,0,0.05,0.00050003,0,-0.00050003,100.0690442,100.07,172206446,16733431447,Source: 'api:OfelyaRza'
355400709,1.69E+15,7/15/2023 19:32,BTC-PERPETUAL,trade,open sell,14900,-121210,30359.5,30359.75,30347.51,0,0,0.05,0.00024539,0,-0.00024539,100.0695442,100.07,172206273,16733362118,Source: 'api:OfelyaRza'
355400708,1.69E+15,7/15/2023 19:32,BTC-PERPETUAL,trade,open sell,15460,-106310,30359.5,30359.75,30347.51,0,2.00E-08,0.05,0.00025462,0,-0.00025462,100.0697896,100.07,172206272,16733362118,Source: 'api:OfelyaRza'
355398677,1.69E+15,7/15/2023 18:59,BTC-PERPETUAL,trade,open sell,30340,-90850,30338.5,30338.59,30335.64,0,0,0.05,0.00050003,0,-0.00050003,100.0700442,100.07,172205262,16733112144,Source: 'api:OfelyaRza'
355398665,1.69E+15,7/15/2023 18:58,BTC-PERPETUAL,trade,open sell,30250,-60510,30338,30340.58,30336.85,0,0,0.05,0.00049855,0,-0.00049855,100.0705443,100.07,172205256,16733108218,Source: 'api:OfelyaRza'
355398664,1.69E+15,7/15/2023 18:58,BTC-PERPETUAL,trade,open sell,90,-30260,30338,30340.58,30336.85,0,-0.00000112,0.05,0.00000148,0,-0.00000148,100.0710428,100.07,172205255,16733108218,Source: 'api:OfelyaRza'
355361677,1.69E+15,7/15/2023 8:00,BTC-PERPETUAL,settlement,short,-30170,-30170,30333.01,0,0,0.11332444,0.00000285,-,0,0,0.11332444,100.0710443,100.07,,,
355227568,1.69E+15,7/14/2023 18:32,BTC-PERPETUAL,trade,open sell,30170,-30170,30120,30168.09,30188.18,0,0,0.05,0.00050083,0,-0.00050083,99.95771984,100.08,172123949,16721477142,Source: 'api:OfelyaRza'
355224473,1.69E+15,7/14/2023 18:29,BTC-PERPETUAL,trade,close buy,42210,0,30401.5,30396.78,30396.73,0.03209291,0,0.05,0.00069421,0,-0.00069421,99.95822067,100.08,172122404,16721443001,Source: api
355224472,1.69E+15,7/14/2023 18:29,BTC-PERPETUAL,trade,close buy,9650,-42210,30400.5,30396.78,30396.73,0.00734749,0,0.05,0.00015871,0,-0.00015871,99.95891488,100.08,172122403,16721443001,Source: api
355224471,1.69E+15,7/14/2023 18:29,BTC-PERPETUAL,trade,close buy,12740,-51860,30400,30396.78,30396.73,0.0097071,0,0.05,0.00020954,0,-0.00020954,99.9590736,100.08,172122402,16721443001,Source: api
355224470,1.69E+15,7/14/2023 18:29,BTC-PERPETUAL,trade,close buy,160,-64600,30399.5,30396.78,30396.73,0.000122,0,0.05,0.00000263,0,-0.00000263,99.95928314,100.08,172122401,16721443001,Source: api
355224469,1.69E+15,7/14/2023 18:29,BTC-PERPETUAL,trade,close buy,8210,-64760,30398.5,30396.78,30396.73,0.00626884,0,0.05,0.00013504,0,-0.00013504,99.95928577,100.08,172122400,16721443001,Source: api
355224468,1.69E+15,7/14/2023 18:29,BTC-PERPETUAL,trade,close buy,32000,-72970,30397.5,30396.78,30396.73,0.0244686,0,0.05,0.00052636,0,-0.00052636,99.95942081,100.08,172122399,16721443001,Source: api
355224467,1.69E+15,7/14/2023 18:29,BTC-PERPETUAL,trade,close buy,7790,-104970,30396.5,30396.78,30396.73,0.00596501,0,0.05,0.00012814,0,-0.00012814,99.95994717,100.08,172122398,16721443001,Source: api
355224466,1.69E+15,7/14/2023 18:29,BTC-PERPETUAL,trade,close buy,7000,-112760,30396,30396.78,30396.73,0.00536387,0,0.05,0.00011515,0,-0.00011515,99.96007531,100.08,172122397,16721443001,Source: api
355224465,1.69E+15,7/14/2023 18:29,BTC-PERPETUAL,trade,close buy,800,-119760,30395.5,30396.78,30396.73,0.00061345,0,0.05,0.00001316,0,-0.00001316,99.96019045,100.08,172122396,16721443001,Source: api
355224464,1.69E+15,7/14/2023 18:29,BTC-PERPETUAL,trade,close buy,10,-120560,30390,30396.78,30396.73,0.00000773,0,0.052,1.70E-07,0,-1.70E-07,99.96020361,100.08,172122395,16721443001,Source: api
355224463,1.69E+15,7/14/2023 18:29,BTC-PERPETUAL,trade,close buy,120,-120570,30387.5,30396.78,30396.73,0.00009306,0,0.05,0.00000197,0,-0.00000197,99.96020378,100.08,172122394,16721443001,Source: api
355224462,1.69E+15,7/14/2023 18:29,BTC-PERPETUAL,trade,close buy,100,-120690,30387,30396.78,30396.73,0.0000776,0,0.05,0.00000165,0,-0.00000165,99.96020575,100.08,172122393,16721443001,Source: api
355224461,1.69E+15,7/14/2023 18:29,BTC-PERPETUAL,trade,close buy,30400,-120790,30387,30396.78,30396.73,0.02359074,0,0.05,0.00050021,0,-0.00050021,99.9602074,100.08,172122392,16721443001,Source: api
355224460,1.69E+15,7/14/2023 18:29,BTC-PERPETUAL,trade,close buy,4300,-151190,30387,30396.78,30396.73,0.00333685,0.00130039,0.05,0.00007075,0,-0.00007075,99.96070761,100.08,172122391,16721443001,Source: api
355017411,1.69E+15,7/14/2023 8:00,BTC-PERPETUAL,settlement,short,-155490,-155490,31120.85,0,0,-0.00916039,0.0017416,-,0,0,-0.00916039,99.96077837,99.96,,,
354855696,1.69E+15,7/13/2023 19:36,BTC-PERPETUAL,trade,open sell,21570,-155490,31783.5,31789.34,31753.64,0,0,0.05,0.00033933,0,-0.00033933,99.96993875,99.85,171938986,16709603044,Source: 'api:OfelyaRza'
354855695,1.69E+15,7/13/2023 19:36,BTC-PERPETUAL,trade,open sell,10220,-133920,31783.5,31789.34,31753.64,0,0.00005138,0.05,0.00016078,0,-0.00016078,99.97027808,99.85,171938985,16709603044,Source: 'api:OfelyaRza'
354842633,1.69E+15,7/13/2023 19:11,BTC-PERPETUAL,trade,open sell,31370,-123700,31370.5,31371.48,31350.55,0,8.20E-07,0.05,0.00049999,0,-0.00049999,99.97043885,99.91,171932461,16709312436,Source: 'api:OfelyaRza'
354842457,1.69E+15,7/13/2023 19:11,BTC-PERPETUAL,trade,open sell,31380,-92330,31378.5,31383.37,31364.01,0,0.00016151,0.05,0.00050002,0,-0.00050002,99.97093885,99.91,171932373,16709305846,Source: 'api:OfelyaRza'
354630088,1.69E+15,7/13/2023 8:00,BTC-PERPETUAL,settlement,short,-60950,-60950,30365.56,0,0,0.02663552,0.00033137,-,0,0,0.02663552,99.97143887,99.97,,,
354250739,1.69E+15,7/12/2023 8:00,BTC-PERPETUAL,settlement,short,-60950,-60950,30768.78,0,0,-0.0082837,0.00013582,-,0,0,-0.0082837,99.94480335,99.94,,,
354222441,1.69E+15,7/12/2023 6:26,BTC-PERPETUAL,trade,open sell,29200,-60950,30704.5,30704.55,30677.3,0,0,0.05,0.0004755,0,-0.0004755,99.95308705,99.95,171624435,16690029880,Source: 'api:OfelyaRza'
354222440,1.69E+15,7/12/2023 6:26,BTC-PERPETUAL,trade,open sell,1500,-31750,30704.5,30704.55,30677.3,0,0.00028034,0.05,0.00002443,0,-0.00002443,99.95356255,99.95,171624434,16690029880,Source: 'api:OfelyaRza'
353935568,1.69E+15,7/11/2023 8:00,BTC-PERPETUAL,settlement,short,-30250,-30250,30563.26,0,0,-0.01418432,0.0003333,-,0,0,-0.01418432,99.95358697,99.95,,,
353762867,1.69E+15,7/10/2023 8:00,BTC-PERPETUAL,settlement,short,-30250,-30250,30121.44,0,0,0.00378945,0.00000141,-,0,0,0.00378945,99.96777129,99.97,,,
353557569,1.69E+15,7/9/2023 20:08,BTC-PERPETUAL,trade,open sell,28520,-30250,30250,30249.42,30243.52,0,0,0.05,0.00047141,0,-0.00047141,99.96398185,99.96,171299730,16661920286,Source: 'api:OfelyaRza'
353557568,1.69E+15,7/9/2023 20:08,BTC-PERPETUAL,trade,open sell,1670,-1730,30250,30249.42,30243.52,0,0,0.05,0.0000276,0,-0.0000276,99.96445325,99.96,171299729,16661920286,Source: 'api:OfelyaRza'
353557567,1.69E+15,7/9/2023 20:08,BTC-PERPETUAL,trade,open sell,60,-60,30250,30249.42,30243.52,0,0,0.05,9.90E-07,0,-9.90E-07,99.96448086,99.96,171299728,16661920286,Source: 'api:OfelyaRza'
353556319,1.69E+15,7/9/2023 19:37,BTC-PERPETUAL,trade,close buy,30160,0,30265,30263.43,30253.35,-0.00010436,0,0.05,0.00049827,0,-0.00049827,99.96448185,99.96,171299109,16661690694,Source: api
353556318,1.69E+15,7/9/2023 19:37,BTC-PERPETUAL,trade,close buy,100,-30160,30265,30263.43,30253.35,-3.50E-07,0,0.05,0.00000165,0,-0.00000165,99.96498011,99.96,171299108,16661690694,Source: api
353556314,1.69E+15,7/9/2023 19:37,BTC-PERPETUAL,trade,open sell,1550,-30260,30258.5,30263.43,30253.35,0,0,0.05,0.00002561,0,-0.00002561,99.96498177,99.96,171299107,16661690676,Source: 'api:OfelyaRza'
353556313,1.69E+15,7/9/2023 19:37,BTC-PERPETUAL,trade,open sell,9710,-28710,30259,30263.43,30253.35,0,0,0.05,0.00016045,0,-0.00016045,99.96500738,99.96,171299106,16661690676,Source: 'api:OfelyaRza'
353556312,1.69E+15,7/9/2023 19:37,BTC-PERPETUAL,trade,open sell,4000,-19000,30260,30263.43,30253.35,0,0,0.05,0.00006609,0,-0.00006609,99.96516783,99.96,171299105,16661690676,Source: 'api:OfelyaRza'
353556311,1.69E+15,7/9/2023 19:37,BTC-PERPETUAL,trade,open sell,100,-15000,30264,30263.43,30253.35,0,0,0.05,0.00000165,0,-0.00000165,99.96523392,99.96,171299104,16661690676,Source: 'api:OfelyaRza'
353556310,1.69E+15,7/9/2023 19:37,BTC-PERPETUAL,trade,open sell,14780,-14900,30264.5,30263.43,30253.35,0,0,0.05,0.00024418,0,-0.00024418,99.96523557,99.96,171299103,16661690676,Source: 'api:OfelyaRza'
353556309,1.69E+15,7/9/2023 19:37,BTC-PERPETUAL,trade,open sell,120,-120,30264.5,30263.43,30253.35,0,0,0.05,0.00000198,0,-0.00000198,99.96547975,99.96,171299102,16661690676,Source: 'api:OfelyaRza'
353556295,1.69E+15,7/9/2023 19:36,BTC-PERPETUAL,trade,close buy,30180,0,30265,30263.55,30253.28,0.0003623,0,0.05,0.0004986,0,-0.0004986,99.96548174,99.97,171299097,16661683584,Source: api
353556294,1.69E+15,7/9/2023 19:36,BTC-PERPETUAL,trade,close buy,100,-30180,30265,30263.55,30253.28,0.0000012,2.40E-07,0.05,0.00000165,0,-0.00000165,99.96598033,99.97,171299096,16661683584,Source: api
353502818,1.69E+15,7/9/2023 10:15,BTC-PERPETUAL,trade,open sell,30140,-30280,30276,30275.68,30270.03,0,0,0.05,0.00049775,0,-0.00049775,99.96598198,99.97,171272397,16657567064,Source: 'api:OfelyaRza'
353502817,1.69E+15,7/9/2023 10:15,BTC-PERPETUAL,trade,open sell,20,-140,30276,30275.68,30270.03,0,0,0.05,3.30E-07,0,-3.30E-07,99.96647974,99.97,171272396,16657567064,Source: 'api:OfelyaRza'
353502816,1.69E+15,7/9/2023 10:15,BTC-PERPETUAL,trade,open sell,20,-120,30276,30275.68,30270.03,0,0,0.05,3.30E-07,0,-3.30E-07,99.96648007,99.97,171272395,16657567064,Source: 'api:OfelyaRza'
353502815,1.69E+15,7/9/2023 10:15,BTC-PERPETUAL,trade,open sell,100,-100,30276,30275.68,30270.03,0,0,0.05,0.00000165,0,-0.00000165,99.9664804,99.97,171272394,16657567064,Source: 'api:OfelyaRza'
353502714,1.69E+15,7/9/2023 10:13,BTC-PERPETUAL,trade,close buy,30190,0,30292,30291.95,30287.56,-0.00001645,0,0.05,0.00049832,0,-0.00049832,99.96648205,99.97,171272345,16657550204,Source: api
353502713,1.69E+15,7/9/2023 10:13,BTC-PERPETUAL,trade,close buy,100,-30190,30292,30291.95,30287.56,-5.00E-08,0,0.05,0.00000165,0,-0.00000165,99.96698036,99.97,171272344,16657550204,Source: api
353502710,1.69E+15,7/9/2023 10:13,BTC-PERPETUAL,trade,open sell,28790,-30290,30291.5,30291.95,30287.56,0,0,0.05,0.00047522,0,-0.00047522,99.96698202,99.97,171272343,16657550161,Source: 'api:OfelyaRza'
353502709,1.69E+15,7/9/2023 10:13,BTC-PERPETUAL,trade,open sell,1500,-1500,30291.5,30291.95,30287.56,0,0,0.05,0.00002476,0,-0.00002476,99.96745723,99.97,171272342,16657550161,Source: 'api:OfelyaRza'
353502706,1.69E+15,7/9/2023 10:13,BTC-PERPETUAL,trade,close buy,30190,0,30292,30292.2,30287.25,-0.00001645,0,0.05,0.00049832,0,-0.00049832,99.96748199,99.97,171272341,16657547709,Source: api
353502705,1.69E+15,7/9/2023 10:13,BTC-PERPETUAL,trade,close buy,100,-30190,30292,30292.2,30287.25,-5.00E-08,0,0.05,0.00000165,0,-0.00000165,99.96798031,99.97,171272340,16657547709,Source: api
353502702,1.69E+15,7/9/2023 10:13,BTC-PERPETUAL,trade,open sell,30290,-30290,30291.5,30292.32,30287.23,0,0,0.05,0.00049998,0,-0.00049998,99.96798196,99.97,171272339,16657547434,Source: 'api:OfelyaRza'
353502700,1.69E+15,7/9/2023 10:12,BTC-PERPETUAL,trade,close buy,28690,0,30292,30291.57,30286.48,-0.00001563,0,0.05,0.00047356,0,-0.00047356,99.96848193,99.97,171272338,16657544582,Source: api
353502699,1.69E+15,7/9/2023 10:12,BTC-PERPETUAL,trade,close buy,100,-28690,30292,30291.57,30286.48,-5.00E-08,0,0.05,0.00000165,0,-0.00000165,99.96895549,99.97,171272337,16657544582,Source: api
353502698,1.69E+15,7/9/2023 10:12,BTC-PERPETUAL,trade,close buy,1500,-28790,30292,30291.57,30286.48,-8.20E-07,0,0.05,0.00002476,0,-0.00002476,99.96895714,99.97,171272336,16657544582,Source: api
353502694,1.69E+15,7/9/2023 10:12,BTC-PERPETUAL,trade,open sell,30290,-30290,30291.5,30291.57,30286.48,0,0,0.05,0.00049998,0,-0.00049998,99.9689819,99.97,171272335,16657544565,Source: 'api:OfelyaRza'
353502690,1.69E+15,7/9/2023 10:12,BTC-PERPETUAL,trade,close buy,30180,0,30292,30291.03,30286.48,-0.00001645,0,0.05,0.00049815,0,-0.00049815,99.96948187,99.97,171272333,16657542112,Source: api
353502689,1.69E+15,7/9/2023 10:12,BTC-PERPETUAL,trade,close buy,10,-30180,30292,30291.03,30286.48,-1.00E-08,0,0.051,1.70E-07,0,-1.70E-07,99.96998003,99.97,171272332,16657542112,Source: api
353502688,1.69E+15,7/9/2023 10:12,BTC-PERPETUAL,trade,close buy,100,-30190,30292,30291.03,30286.48,-5.00E-08,0,0.05,0.00000165,0,-0.00000165,99.96998019,99.97,171272331,16657542112,Source: api
353502684,1.69E+15,7/9/2023 10:12,BTC-PERPETUAL,trade,open sell,28790,-30290,30291.5,30291.03,30286.48,0,0,0.05,0.00047522,0,-0.00047522,99.96998184,99.97,171272330,16657542084,Source: 'api:OfelyaRza'
353502683,1.69E+15,7/9/2023 10:12,BTC-PERPETUAL,trade,open sell,1500,-1500,30291.5,30291.03,30286.48,0,0,0.05,0.00002476,0,-0.00002476,99.97045706,99.97,171272329,16657542084,Source: 'api:OfelyaRza'
353502666,1.69E+15,7/9/2023 10:11,BTC-PERPETUAL,trade,close buy,28660,0,30292,30291.78,30285.29,-0.00001562,0,0.05,0.00047306,0,-0.00047306,99.97048182,99.97,171272321,16657537034,Source: api
353502665,1.69E+15,7/9/2023 10:11,BTC-PERPETUAL,trade,close buy,100,-28660,30292,30291.78,30285.29,-5.00E-08,0,0.05,0.00000165,0,-0.00000165,99.97095488,99.97,171272320,16657537034,Source: api
353502664,1.69E+15,7/9/2023 10:11,BTC-PERPETUAL,trade,close buy,30,-28760,30292,30291.78,30285.29,-2.00E-08,0,0.05,5.00E-07,0,-5.00E-07,99.97095653,99.97,171272319,16657537034,Source: api
353502663,1.69E+15,7/9/2023 10:11,BTC-PERPETUAL,trade,close buy,1500,-28790,30292,30291.78,30285.29,-8.20E-07,0,0.05,0.00002476,0,-0.00002476,99.97095702,99.97,171272318,16657537034,Source: api
353502658,1.69E+15,7/9/2023 10:11,BTC-PERPETUAL,trade,open sell,29330,-30290,30291.5,30291.71,30285.22,0,0,0.05,0.00048413,0,-0.00048413,99.97098178,99.97,171272317,16657537015,Source: 'api:OfelyaRza'
353502657,1.69E+15,7/9/2023 10:11,BTC-PERPETUAL,trade,open sell,960,-960,30291.5,30291.71,30285.22,0,0,0.05,0.00001585,0,-0.00001585,99.97146591,99.97,171272316,16657537015,Source: 'api:OfelyaRza'
353502654,1.69E+15,7/9/2023 10:11,BTC-PERPETUAL,trade,close buy,90670,0,30292,30291.92,30285.33,-0.00067443,0,0.05,0.0014966,0,-0.0014966,99.97148176,99.97,171272315,16657534072,Source: api
353502653,1.69E+15,7/9/2023 10:11,BTC-PERPETUAL,trade,close buy,100,-90670,30292,30291.92,30285.33,-7.40E-07,0,0.05,0.00000165,0,-0.00000165,99.97297836,99.97,171272314,16657534072,Source: api
353502650,1.69E+15,7/9/2023 10:11,BTC-PERPETUAL,trade,open sell,28760,-90770,30291.5,30291.92,30285.33,0,0,0.05,0.00047472,0,-0.00047472,99.97298001,99.97,171272313,16657534061,Source: 'api:OfelyaRza'
353502649,1.69E+15,7/9/2023 10:11,BTC-PERPETUAL,trade,open sell,1500,-62010,30291.5,30291.92,30285.33,0,0,0.05,0.00002476,0,-0.00002476,99.97345473,99.97,171272312,16657534061,Source: 'api:OfelyaRza'
353502648,1.69E+15,7/9/2023 10:11,BTC-PERPETUAL,trade,open sell,30,-60510,30291.5,30291.92,30285.33,0,0.00001862,0.05,5.00E-07,0,-5.00E-07,99.97347949,99.97,171272311,16657534061,Source: 'api:OfelyaRza'
353488244,1.69E+15,7/9/2023 8:00,BTC-PERPETUAL,settlement,short,-60480,-60480,30282.01,0,0,-0.00295116,0.00002164,-,0,0,-0.00295116,99.97347998,99.97,,,
353299509,1.69E+15,7/8/2023 14:20,BTC-PERPETUAL,trade,open sell,30140,-60480,30237,30238.15,30221.82,0,0,0.05,0.0004984,0,-0.0004984,99.97643114,99.98,171174591,16647994829,Source: 'api:OfelyaRza'
353299508,1.69E+15,7/8/2023 14:20,BTC-PERPETUAL,trade,open sell,100,-30340,30237,30238.15,30221.82,0,2.20E-07,0.05,0.00000165,0,-0.00000165,99.97692954,99.98,171174590,16647994829,Source: 'api:OfelyaRza'
353299073,1.69E+15,7/8/2023 14:17,BTC-PERPETUAL,trade,open sell,28640,-30240,30237,30237.57,30219.41,0,0,0.05,0.00047359,0,-0.00047359,99.97693119,99.98,171174373,16647971050,Source: 'api:OfelyaRza'
353299072,1.69E+15,7/8/2023 14:17,BTC-PERPETUAL,trade,open sell,1500,-1600,30237,30237.57,30219.41,0,0,0.05,0.0000248,0,-0.0000248,99.97740478,99.98,171174372,16647971050,Source: 'api:OfelyaRza'
353299071,1.69E+15,7/8/2023 14:17,BTC-PERPETUAL,trade,open sell,100,-100,30237,30237.57,30219.41,0,0,0.05,0.00000165,0,-0.00000165,99.97742959,99.98,171174371,16647971050,Source: 'api:OfelyaRza'
350106887,1.69E+15,6/30/2023 8:00,BTC-PERPETUAL,settlement,-,0,0,30765.48,0,0,-0.02315592,0,-,0,0,-0.02315592,99.97743124,99.98,,,
349806930,1.69E+15,6/29/2023 12:16,BTC-PERPETUAL,trade,close buy,60760,0,30708,30704.4,30677.01,-0.0233599,0,0.05,0.00098932,0,-0.00098932,100.0005872,99.98,169445383,16577280265,Source: api
349806929,1.69E+15,6/29/2023 12:16,BTC-PERPETUAL,trade,close buy,10,-60760,30708,30704.4,30677.01,-0.00000384,0,0.049,1.60E-07,0,-1.60E-07,100.0015765,99.98,169445382,16577280265,Source: api
349806928,1.69E+15,6/29/2023 12:16,BTC-PERPETUAL,trade,close buy,100,-60770,30708,30704.4,30677.01,-0.00003845,0.00024627,0.05,0.00000163,0,-0.00000163,100.0015766,99.98,169445381,16577280265,Source: api
349753225,1.69E+15,6/29/2023 8:00,BTC-PERPETUAL,settlement,short,-60870,-60870,30349.69,0,0,-0.00951234,0.00024391,-,0,0,-0.00951234,100.0015783,100,,,
349525174,1.69E+15,6/28/2023 8:00,BTC-PERPETUAL,settlement,short,-60870,-60870,30202.77,0,0,0.01512884,3.00E-07,-,0,0,0.01512884,100.0110906,100.01,,,
349502949,1.69E+15,6/28/2023 6:56,BTC-PERPETUAL,trade,open sell,16720,-60870,30421.5,30428.25,30418.09,0,0,0.05,0.00027481,0,-0.00027481,99.99596178,100,169301349,16570372924,Source: 'api:OfelyaRza'
349502948,1.69E+15,6/28/2023 6:56,BTC-PERPETUAL,trade,open sell,7500,-44150,30422.5,30428.25,30418.09,0,0,0.05,0.00012326,0,-0.00012326,99.99623658,100,169301348,16570372924,Source: 'api:OfelyaRza'
349502947,1.69E+15,6/28/2023 6:56,BTC-PERPETUAL,trade,open sell,5300,-36650,30424.5,30428.25,30418.09,0,0,0.05,0.0000871,0,-0.0000871,99.99635985,100,169301347,16570372924,Source: 'api:OfelyaRza'
349502946,1.69E+15,6/28/2023 6:56,BTC-PERPETUAL,trade,open sell,10,-31350,30425,30428.25,30418.09,0,0,0.049,1.60E-07,0,-1.60E-07,99.99644695,100,169301346,16570372924,Source: 'api:OfelyaRza'
349502945,1.69E+15,6/28/2023 6:56,BTC-PERPETUAL,trade,open sell,100,-31340,30425.5,30428.25,30418.09,0,0,0.05,0.00000164,0,-0.00000164,99.99644711,100,169301345,16570372924,Source: 'api:OfelyaRza'
349502944,1.69E+15,6/28/2023 6:56,BTC-PERPETUAL,trade,open sell,800,-31240,30425.5,30428.25,30418.09,0,0,0.05,0.00001315,0,-0.00001315,99.99644875,100,169301344,16570372924,Source: 'api:OfelyaRza'
349502827,1.69E+15,6/28/2023 6:54,BTC-PERPETUAL,trade,open sell,25920,-30440,30441,30441.44,30427.61,0,0,0.05,0.00042574,0,-0.00042574,99.9964619,100,169301288,16570368254,Source: 'api:OfelyaRza'
349502826,1.69E+15,6/28/2023 6:54,BTC-PERPETUAL,trade,open sell,4330,-4520,30441,30441.44,30427.61,0,0,0.05,0.00007112,0,-0.00007112,99.99688764,100,169301287,16570368254,Source: 'api:OfelyaRza'
349502825,1.69E+15,6/28/2023 6:54,BTC-PERPETUAL,trade,open sell,90,-190,30441,30441.44,30427.61,0,0,0.05,0.00000148,0,-0.00000148,99.99695876,100,169301286,16570368254,Source: 'api:OfelyaRza'
349502824,1.69E+15,6/28/2023 6:54,BTC-PERPETUAL,trade,open sell,100,-100,30441,30441.44,30427.61,0,0,0.05,0.00000164,0,-0.00000164,99.99696024,100,169301285,16570368254,Source: 'api:OfelyaRza'
349501738,1.69E+15,6/28/2023 6:41,BTC-PERPETUAL,trade,close buy,30450,0,30452.5,30452.82,30437.06,-0.00001642,0,0.05,0.00049996,0,-0.00049996,99.99696189,100,169300745,16570328162,Source: api
349501735,1.69E+15,6/28/2023 6:41,BTC-PERPETUAL,trade,open sell,30080,-30450,30452,30453.39,30437.55,0,0,0.05,0.00049389,0,-0.00049389,99.99746184,100,169300743,16570328145,Source: 'api:OfelyaRza'
349501734,1.69E+15,6/28/2023 6:41,BTC-PERPETUAL,trade,open sell,120,-370,30452,30453.39,30437.55,0,0,0.05,0.00000197,0,-0.00000197,99.99795574,100,169300742,16570328145,Source: 'api:OfelyaRza'
349501733,1.69E+15,6/28/2023 6:41,BTC-PERPETUAL,trade,open sell,150,-250,30452,30453.39,30437.55,0,0,0.05,0.00000246,0,-0.00000246,99.99795771,100,169300741,16570328145,Source: 'api:OfelyaRza'
349501732,1.69E+15,6/28/2023 6:41,BTC-PERPETUAL,trade,open sell,100,-100,30452,30453.39,30437.55,0,0,0.05,0.00000164,0,-0.00000164,99.99796017,100,169300740,16570328145,Source: 'api:OfelyaRza'
349501560,1.69E+15,6/28/2023 6:39,BTC-PERPETUAL,trade,close buy,30360,0,30439.5,30442.18,30424.67,-0.00001638,0,0.05,0.00049869,0,-0.00049869,99.99796181,100,169300656,16570323000,Source: api
349501559,1.69E+15,6/28/2023 6:39,BTC-PERPETUAL,trade,close buy,10,-30360,30439.5,30442.18,30424.67,-1.00E-08,0,0.049,1.60E-07,0,-1.60E-07,99.99846051,100,169300655,16570323000,Source: api
349501558,1.69E+15,6/28/2023 6:39,BTC-PERPETUAL,trade,close buy,10,-30370,30439.5,30442.18,30424.67,-1.00E-08,0,0.049,1.60E-07,0,-1.60E-07,99.99846067,100,169300654,16570323000,Source: api
349501557,1.69E+15,6/28/2023 6:39,BTC-PERPETUAL,trade,close buy,20,-30380,30439.5,30442.18,30424.67,-1.00E-08,0,0.05,3.30E-07,0,-3.30E-07,99.99846083,100,169300653,16570323000,Source: api
349501550,1.69E+15,6/28/2023 6:39,BTC-PERPETUAL,trade,open sell,30110,-30400,30439,30442.66,30424.99,0,0,0.05,0.0004946,0,-0.0004946,99.99846116,100,169300651,16570322978,Source: 'api:OfelyaRza'
349501549,1.69E+15,6/28/2023 6:39,BTC-PERPETUAL,trade,open sell,100,-290,30439,30442.66,30424.99,0,0,0.05,0.00000164,0,-0.00000164,99.99895576,100,169300650,16570322978,Source: 'api:OfelyaRza'
349501548,1.69E+15,6/28/2023 6:39,BTC-PERPETUAL,trade,open sell,190,-190,30439,30442.66,30424.99,0,0,0.05,0.00000312,0,-0.00000312,99.9989574,100,169300649,16570322978,Source: 'api:OfelyaRza'
349501547,1.69E+15,6/28/2023 6:39,BTC-PERPETUAL,trade,close sell,40,0,30439,30442.66,30424.99,8.10E-07,-1.70E-07,0.05,6.60E-07,0,-6.60E-07,99.99896052,100,169300649,16570322978,Source: 'api:OfelyaRza'
349164126,1.69E+15,6/27/2023 8:00,BTC-PERPETUAL,settlement,long,40,40,30420.17,0,0,-3.20E-07,-1.60E-07,-,0,0,-3.20E-07,99.99896118,100,,,
348807921,1.69E+15,6/26/2023 8:00,BTC-PERPETUAL,settlement,long,40,40,30423.7,0,0,-0.00001544,-8.50E-07,-,0,0,-0.00001544,99.9989615,100,,,
348464666,1.69E+15,6/25/2023 8:00,BTC-PERPETUAL,settlement,long,40,40,30765.01,0,0,0.00000687,-2.60E-07,-,0,0,0.00000687,99.99897694,100,,,
348079345,1.69E+15,6/24/2023 8:00,BTC-PERPETUAL,settlement,long,40,40,30597.41,0,0,-0.00002958,-5.00E-08,-,0,0,-0.00002958,99.99897007,100,,,
347793602,1.69E+15,6/23/2023 19:12,BTC-PERPETUAL,trade,close sell,30910,40,30919,30920.69,30901.45,-0.00001585,-6.00E-08,0.05,0.00049985,0,-0.00049985,99.99899965,100,168462766,16545712895,Source: 'api:OfelyaRza'
347793584,1.69E+15,6/23/2023 19:11,BTC-PERPETUAL,trade,open buy,30910,30950,30919.5,30917.95,30898.35,0,0,0.05,0.00049985,0,-0.00049985,99.99949951,100,168462757,16545711987,Source: 'api:OfelyaRza'
347792930,1.69E+15,6/23/2023 19:09,BTC-PERPETUAL,trade,open buy,40,40,30912,30912.39,30891.18,0,0,0.05,6.50E-07,0,-6.50E-07,99.99999935,100,168462430,16545702848,Source: 'api:OfelyaRza'
347717656,1.69E+15,6/23/2023 17:24,,deposit,-,,0,0,0,0,100,null,-,0,0,100,100,100,,,Deposit to: fake_deposit_addr
