ID,UserSeq,Date,Instrument,Type,Side,Amount,Position,Price,Mark Price,Index Price,Cash Flow,Funding,Fee Rate,Fee Charged,Fee Balance,Change,Balance,Equity,Trade ID,Order ID,Info
356553872,1689779453495277,19 Jul 2023 15:10:53,BTC-PERPETUAL,trade,open sell,4160,-4599040,29875.5,29875.16,29861.76,0,0,0.05,0.00006962,0,-0.00006962,100.21591883,100.93929022,172772146,16780249151,Source: 'api:OfelyaRza'
356553871,1689779453495276,19 Jul 2023 15:10:53,BTC-PERPETUAL,trade,open sell,25720,-4594880,29875.5,29875.16,29861.76,0,0.00185604,0.05,0.00043045,0,-0.00043045,100.21598845,100.93929022,172772145,16780249151,Source: 'api:OfelyaRza'
356527220,1689774555826175,19 Jul 2023 13:49:15,BTC-PERPETUAL,trade,open sell,30030,-4569160,30030.5,30032.65,30009.73,0,0.00002293,0.05,0.00049999,0,-0.00049999,100.2164189,100.13590241,172758212,16779472732,Source: 'api:OfelyaRza'
356527056,1689774537403201,19 Jul 2023 13:48:57,BTC-PERPETUAL,trade,open sell,26180,-4539130,30050,30051.33,30029.05,0,0,0.05,0.00043561,0,-0.00043561,100.2169189,100.04250206,172758130,16779469080,Source: 'api:OfelyaRza'
356527055,1689774537403200,19 Jul 2023 13:48:57,BTC-PERPETUAL,trade,open sell,3770,-4512950,30050,30051.33,30029.05,0,0,0.05,0.00006273,0,-0.00006273,100.2173545,100.04250206,172758129,16779469080,Source: 'api:OfelyaRza'
356527054,1689774537403199,19 Jul 2023 13:48:57,BTC-PERPETUAL,trade,open sell,100,-4509180,30050,30051.33,30029.05,0,0.00003055,0.05,0.00000166,0,-0.00000166,100.21741723,100.04250206,172758128,16779469080,Source: 'api:OfelyaRza'
356526808,1689774502147219,19 Jul 2023 13:48:22,BTC-PERPETUAL,trade,open sell,12770,-4509080,30065,30052.64,30036.77,0,0,0.05,0.00021237,0,-0.00021237,100.2174189,100.03647523,172758006,16779462280,Source: 'api:OfelyaRza'
356526807,1689774502147218,19 Jul 2023 13:48:22,BTC-PERPETUAL,trade,open sell,10,-4496310,30065.5,30052.64,30036.77,0,0,0.051,1.7e-7,0,-1.7e-7,100.21763127,100.03647523,172758005,16779462280,Source: 'api:OfelyaRza'
356526806,1689774502147217,19 Jul 2023 13:48:22,BTC-PERPETUAL,trade,open sell,17180,-4496300,30066,30052.64,30036.77,0,0,0.05,0.0002857,0,-0.0002857,100.21763144,100.03647523,172758004,16779462280,Source: 'api:OfelyaRza'
356526805,1689774502147216,19 Jul 2023 13:48:22,BTC-PERPETUAL,trade,open sell,100,-4479120,30067,30052.64,30036.77,0,0.00040869,0.05,0.00000166,0,-0.00000166,100.21791714,100.03647523,172758003,16779462280,Source: 'api:OfelyaRza'
356522890,1689774142741212,19 Jul 2023 13:42:22,BTC-PERPETUAL,trade,open sell,14130,-4479020,30035,30043.05,30020.16,0,0,0.05,0.00023523,0,-0.00023523,100.2179188,100.08371058,172756050,16779393603,Source: 'api:OfelyaRza'
356522889,1689774142741211,19 Jul 2023 13:42:22,BTC-PERPETUAL,trade,open sell,15790,-4464890,30035.5,30043.05,30020.16,0,0,0.05,0.00026286,0,-0.00026286,100.21815403,100.08371058,172756049,16779393603,Source: 'api:OfelyaRza'
356522888,1689774142741210,19 Jul 2023 13:42:22,BTC-PERPETUAL,trade,open sell,120,-4449100,30036.5,30043.05,30020.16,0,0.00004651,0.05,0.000002,0,-0.000002,100.21841689,100.08371058,172756048,16779393603,Source: 'api:OfelyaRza'
356522679,1689774108723179,19 Jul 2023 13:41:48,BTC-PERPETUAL,trade,open sell,30020,-4448980,30021,30021.52,29998.28,0,0.00014328,0.05,0.00049998,0,-0.00049998,100.21841888,100.19062399,172755944,16779387690,Source: 'api:OfelyaRza'
356522195,1689773964796191,19 Jul 2023 13:39:24,BTC-PERPETUAL,trade,open sell,29910,-4418960,29983.5,29981.55,29962.79,0,0,0.05,0.00049877,0,-0.00049877,100.21891887,100.38722895,172755702,16779366761,Source: 'api:OfelyaRza'
356522194,1689773964796190,19 Jul 2023 13:39:24,BTC-PERPETUAL,trade,open sell,70,-4389050,29983.5,29981.55,29962.79,0,0.00128382,0.05,0.00000117,0,-0.00000117,100.21941764,100.38722895,172755701,16779366761,Source: 'api:OfelyaRza'
356511310,1689770341844214,19 Jul 2023 12:39:01,BTC-PERPETUAL,trade,open sell,21100,-4388980,29938,29934.85,29916.61,0,0,0.05,0.0003524,0,-0.0003524,100.21941881,100.61475543,172750162,16778836250,Source: 'api:OfelyaRza'
356511309,1689770341844213,19 Jul 2023 12:39:01,BTC-PERPETUAL,trade,open sell,8800,-4367880,29938,29934.85,29916.61,0,0,0.05,0.00014697,0,-0.00014697,100.2197712,100.61475543,172750161,16778836250,Source: 'api:OfelyaRza'
356511308,1689770341844212,19 Jul 2023 12:39:01,BTC-PERPETUAL,trade,open sell,40,-4359080,29938,29934.85,29916.61,0,0.00096071,0.05,6.7e-7,0,-6.7e-7,100.21991817,100.61475543,172750160,16778836250,Source: 'api:OfelyaRza'
356493643,1689767419217181,19 Jul 2023 11:50:19,BTC-PERPETUAL,trade,open sell,30010,-4359040,30013.5,30014.17,30006.03,0,0.00129681,0.05,0.00049994,0,-0.00049994,100.21991884,100.22935844,172741338,16778445582,Source: 'api:OfelyaRza'
356485571,1689765153918186,19 Jul 2023 11:12:33,BTC-PERPETUAL,trade,open sell,29900,-4329030,30003,30002.7,29991.99,0,0,0.05,0.00049828,0,-0.00049828,100.22041878,100.28372397,172737073,16778134098,Source: 'api:OfelyaRza'
356485570,1689765153918185,19 Jul 2023 11:12:33,BTC-PERPETUAL,trade,open sell,100,-4299130,30003,30002.7,29991.99,0,0,0.05,0.00000167,0,-0.00000167,100.22091707,100.28372397,172737072,16778134098,Source: 'api:OfelyaRza'
356485319,1689765053383181,19 Jul 2023 11:10:53,BTC-PERPETUAL,trade,open sell,30010,-4299030,30012,30008.82,30004.91,0,0,0.05,0.00049997,0,-0.00049997,100.22091873,100.25499174,172736907,16778120250,Source: 'api:OfelyaRza'
356485215,1689764980045183,19 Jul 2023 11:09:40,BTC-PERPETUAL,trade,open sell,30000,-4269020,30003,30003.81,29995.64,0,0,0.05,0.00049995,0,-0.00049995,100.2214187,100.27913995,172736843,16778110641,Source: 'api:OfelyaRza'
356484922,1689764860275198,19 Jul 2023 11:07:40,BTC-PERPETUAL,trade,open sell,29880,-4239020,30003,30003.5,29994.38,0,0,0.05,0.00049795,0,-0.00049795,100.22191865,100.28112665,172736649,16778093414,Source: 'api:OfelyaRza'
356484921,1689764860275197,19 Jul 2023 11:07:40,BTC-PERPETUAL,trade,open sell,100,-4209140,30003,30003.5,29994.38,0,0,0.05,0.00000167,0,-0.00000167,100.2224166,100.28112665,172736648,16778093414,Source: 'api:OfelyaRza'
356484920,1689764860275196,19 Jul 2023 11:07:40,BTC-PERPETUAL,trade,open sell,10,-4209040,30003,30003.5,29994.38,0,0,0.051,1.7e-7,0,-1.7e-7,100.22241827,100.28112665,172736647,16778093414,Source: 'api:OfelyaRza'
356484919,1689764860275195,19 Jul 2023 11:07:40,BTC-PERPETUAL,trade,open sell,10,-4209030,30003,30003.5,29994.38,0,0,0.051,1.7e-7,0,-1.7e-7,100.22241843,100.28112665,172736646,16778093414,Source: 'api:OfelyaRza'
356484316,1689764751668178,19 Jul 2023 11:05:51,BTC-PERPETUAL,trade,open sell,30020,-4209020,30024.5,30024.31,30011.37,0,0,0.05,0.00049993,0,-0.00049993,100.2224186,100.18441151,172736310,16778076974,Source: 'api:OfelyaRza'
356483680,1689764611631197,19 Jul 2023 11:03:31,BTC-PERPETUAL,trade,open sell,22770,-4179000,30013.5,30012.72,30007.54,0,0,0.05,0.00037933,0,-0.00037933,100.22291853,100.23865498,172735959,16778057542,Source: 'api:OfelyaRza'
356483679,1689764611631196,19 Jul 2023 11:03:31,BTC-PERPETUAL,trade,open sell,7240,-4156230,30013.5,30012.72,30007.54,0,0,0.05,0.00012061,0,-0.00012061,100.22329786,100.23865498,172735958,16778057542,Source: 'api:OfelyaRza'
356483193,1689764492520180,19 Jul 2023 11:01:32,BTC-PERPETUAL,trade,open sell,30010,-4148990,30005.5,30006.38,29997.89,0,0,0.05,0.00050008,0,-0.00050008,100.22341847,100.26833766,172735683,16778041584,Source: 'api:OfelyaRza'
356481768,1689763833068302,19 Jul 2023 10:50:33,BTC-PERPETUAL,trade,open sell,30000,-4118980,30007.5,30002.05,29989.81,0,0,0.05,0.00049988,0,-0.00049988,100.22391854,100.28867837,172734843,16777946366,Source: 'api:OfelyaRza'
356481572,1689763671521177,19 Jul 2023 10:47:51,BTC-PERPETUAL,trade,open sell,30000,-4088980,30005.5,30000.09,29987.74,0,0,0.05,0.00049991,0,-0.00049991,100.22441842,100.29790089,172734745,16777925452,Source: 'api:OfelyaRza'
356481314,1689763498525194,19 Jul 2023 10:44:58,BTC-PERPETUAL,trade,open sell,30010,-4058980,30006.5,30006.96,29995.83,0,0.00100906,0.05,0.00050006,0,-0.00050006,100.22491833,100.26724423,172734616,16777904298,Source: 'api:OfelyaRza'
356464772,1689753602195362,19 Jul 2023 08:00:00,BTC-PERPETUAL,settlement,short,-4028970,-4028970,30016.2,0,0,-0.39955389,0.00064493,-,0,0,-0.39955389,100.22541838,100.23376103,,,
356440332,1689748136837188,19 Jul 2023 06:28:56,BTC-PERPETUAL,trade,open sell,29970,-4028970,30070,30066.54,30055.96,0,0,0.05,0.00049834,0,-0.00049834,100.62497227,100.00003982,172715751,16775852999,Source: 'api:OfelyaRza'
356440331,1689748136837187,19 Jul 2023 06:28:56,BTC-PERPETUAL,trade,open sell,100,-3999000,30070,30066.54,30055.96,0,0.00137478,0.05,0.00000166,0,-0.00000166,100.62547061,100.00003982,172715750,16775852999,Source: 'api:OfelyaRza'
356412676,1689732149977226,19 Jul 2023 02:02:29,BTC-PERPETUAL,trade,open sell,4840,-3998900,30024,30023.1,30019.65,0,0,0.05,0.0000806,0,-0.0000806,100.62547227,100.19148819,172701288,16773308783,Source: 'api:OfelyaRza'
356412675,1689732149977225,19 Jul 2023 02:02:29,BTC-PERPETUAL,trade,open sell,10,-3994060,30024,30023.1,30019.65,0,0,0.051,1.7e-7,0,-1.7e-7,100.62555288,100.19148819,172701287,16773308783,Source: 'api:OfelyaRza'
356412674,1689732149977224,19 Jul 2023 02:02:29,BTC-PERPETUAL,trade,open sell,10,-3994050,30025.5,30023.1,30019.65,0,0,0.051,1.7e-7,0,-1.7e-7,100.62555304,100.19148819,172701286,16773308783,Source: 'api:OfelyaRza'
356412673,1689732149977223,19 Jul 2023 02:02:29,BTC-PERPETUAL,trade,open sell,2000,-3994040,30026,30023.1,30019.65,0,0,0.05,0.0000333,0,-0.0000333,100.62555321,100.19148819,172701285,16773308783,Source: 'api:OfelyaRza'
356412672,1689732149977222,19 Jul 2023 02:02:29,BTC-PERPETUAL,trade,open sell,12140,-3992040,30026.5,30023.1,30019.65,0,0,0.05,0.00020216,0,-0.00020216,100.62558651,100.19148819,172701284,16773308783,Source: 'api:OfelyaRza'
356412671,1689732149977221,19 Jul 2023 02:02:29,BTC-PERPETUAL,trade,open sell,120,-3979900,30026.5,30023.1,30019.65,0,0,0.05,0.000002,0,-0.000002,100.62578867,100.19148819,172701283,16773308783,Source: 'api:OfelyaRza'
356412670,1689732149977220,19 Jul 2023 02:02:29,BTC-PERPETUAL,trade,open sell,5400,-3979780,30027,30023.1,30019.65,0,0,0.05,0.00008992,0,-0.00008992,100.62579067,100.19148819,172701282,16773308783,Source: 'api:OfelyaRza'
356412669,1689732149977219,19 Jul 2023 02:02:29,BTC-PERPETUAL,trade,open sell,5400,-3974380,30027,30023.1,30019.65,0,0,0.05,0.00008992,0,-0.00008992,100.62588059,100.19148819,172701281,16773308783,Source: 'api:OfelyaRza'
356412668,1689732149977218,19 Jul 2023 02:02:29,BTC-PERPETUAL,trade,open sell,100,-3968980,30027,30023.1,30019.65,0,0,0.05,0.00000167,0,-0.00000167,100.6259705,100.19148819,172701280,16773308783,Source: 'api:OfelyaRza'
356412624,1689732125841190,19 Jul 2023 02:02:05,BTC-PERPETUAL,trade,open sell,2920,-3968880,30027.5,30030.04,30027.74,0,0,0.05,0.00004862,0,-0.00004862,100.62597217,100.16133306,172701264,16773304851,Source: 'api:OfelyaRza'
356412623,1689732125841189,19 Jul 2023 02:02:05,BTC-PERPETUAL,trade,open sell,27110,-3965960,30027.5,30030.04,30027.74,0,0,0.05,0.00045142,0,-0.00045142,100.62602079,100.16133306,172701263,16773304851,Source: 'api:OfelyaRza'
356411643,1689731021354214,19 Jul 2023 01:43:41,BTC-PERPETUAL,trade,open sell,29890,-3938850,29991,29989.26,29982.6,0,0,0.05,0.00049832,0,-0.00049832,100.62647221,100.34027668,172700777,16773131080,Source: 'api:OfelyaRza'
356411642,1689731021354213,19 Jul 2023 01:43:41,BTC-PERPETUAL,trade,open sell,100,-3908960,29991,29989.26,29982.6,0,0,0.05,0.00000167,0,-0.00000167,100.62697053,100.34027668,172700776,16773131080,Source: 'api:OfelyaRza'
356411495,1689730853639182,19 Jul 2023 01:40:53,BTC-PERPETUAL,trade,open sell,30010,-3908860,30005.5,30006.16,30000.64,0,0,0.05,0.00050008,0,-0.00050008,100.62697219,100.26730773,172700703,16773104894,Source: 'api:OfelyaRza'
356401026,1689726104396190,19 Jul 2023 00:21:44,BTC-PERPETUAL,trade,open sell,29800,-3878850,29895,29897.76,29894.04,0,0,0.05,0.00049841,0,-0.00049841,100.62747227,100.73651711,172695475,16772333127,Source: 'api:OfelyaRza'
356401025,1689726104396189,19 Jul 2023 00:21:44,BTC-PERPETUAL,trade,open sell,100,-3849050,29895,29897.76,29894.04,0,0,0.05,0.00000167,0,-0.00000167,100.62797068,100.73651711,172695474,16772333127,Source: 'api:OfelyaRza'
356400814,1689725985794173,19 Jul 2023 00:19:45,BTC-PERPETUAL,trade,open sell,29900,-3848950,29896.5,29897.75,29892.54,0,0,0.05,0.00050006,0,-0.00050006,100.62797235,100.73715258,172695369,16772314360,Source: 'api:OfelyaRza'
356400550,1689725756009208,19 Jul 2023 00:15:55,BTC-PERPETUAL,trade,open sell,630,-3819050,29870.5,29873.41,29867.4,0,0,0.05,0.00001055,0,-0.00001055,100.62847241,100.84177094,172695237,16772278990,Source: 'api:OfelyaRza'
356400549,1689725756009207,19 Jul 2023 00:15:55,BTC-PERPETUAL,trade,open sell,29240,-3818420,29870.5,29873.41,29867.4,0,0,0.05,0.00048945,0,-0.00048945,100.62848296,100.84177094,172695236,16772278990,Source: 'api:OfelyaRza'
356400404,1689725699304201,19 Jul 2023 00:14:59,BTC-PERPETUAL,trade,open sell,29790,-3789180,29889,29887.72,29880.34,0,0,0.05,0.00049834,0,-0.00049834,100.6289724,100.78163778,172695164,16772270151,Source: 'api:OfelyaRza'
356400403,1689725699304200,19 Jul 2023 00:14:59,BTC-PERPETUAL,trade,open sell,100,-3759390,29889,29887.72,29880.34,0,0,0.05,0.00000167,0,-0.00000167,100.62947075,100.78163778,172695163,16772270151,Source: 'api:OfelyaRza'
356399908,1689725437297176,19 Jul 2023 00:10:37,BTC-PERPETUAL,trade,open sell,29870,-3759290,29869.5,29870.66,29866.1,0,0,0.05,0.00050001,0,-0.00050001,100.62947242,100.85393182,172694916,16772228197,Source: 'api:OfelyaRza'
356399688,1689725284494177,19 Jul 2023 00:08:04,BTC-PERPETUAL,trade,open sell,29870,-3729420,29868,29867.48,29863.76,0,0,0.05,0.00050003,0,-0.00050003,100.62997243,100.86776372,172694806,16772204845,Source: 'api:OfelyaRza'
356399678,1689725258445190,19 Jul 2023 00:07:38,BTC-PERPETUAL,trade,open sell,29870,-3699550,29866,29866.25,29862.59,0,0,0.05,0.00050007,0,-0.00050007,100.63047246,100.87334757,172694801,16772200930,Source: 'api:OfelyaRza'
356399538,1689725198928209,19 Jul 2023 00:06:38,BTC-PERPETUAL,trade,open sell,10000,-3669680,29856.5,29856.69,29851.26,0,0,0.05,0.00016747,0,-0.00016747,100.63097253,100.91319867,172694731,16772191354,Source: 'api:OfelyaRza'
356399537,1689725198928208,19 Jul 2023 00:06:38,BTC-PERPETUAL,trade,open sell,19860,-3659680,29856.5,29856.69,29851.26,0,0,0.05,0.00033259,0,-0.00033259,100.63114,100.91319867,172694730,16772191354,Source: 'api:OfelyaRza'
356399498,1689725152770180,19 Jul 2023 00:05:52,BTC-PERPETUAL,trade,open sell,29860,-3639820,29857.5,29864.19,29858.53,0,0,0.05,0.00050004,0,-0.00050004,100.63147259,100.88308907,172694711,16772184241,Source: 'api:OfelyaRza'
356399326,1689725081791184,19 Jul 2023 00:04:41,BTC-PERPETUAL,trade,open sell,29780,-3609960,29865,29866.17,29862.67,0,0,0.05,0.00049858,0,-0.00049858,100.63197263,100.87579937,172694625,16772173018,Source: 'api:OfelyaRza'
356399325,1689725081791183,19 Jul 2023 00:04:41,BTC-PERPETUAL,trade,open sell,90,-3580180,29865,29866.17,29862.67,0,0,0.05,0.00000151,0,-0.00000151,100.63247121,100.87579937,172694624,16772173018,Source: 'api:OfelyaRza'
356399302,1689725034545203,19 Jul 2023 00:03:54,BTC-PERPETUAL,trade,open sell,29770,-3580090,29865,29866.24,29863.1,0,0,0.05,0.00049841,0,-0.00049841,100.63247271,100.87605768,172694613,16772165851,Source: 'api:OfelyaRza'
356399301,1689725034545202,19 Jul 2023 00:03:54,BTC-PERPETUAL,trade,open sell,100,-3550320,29865,29866.24,29863.1,0,0,0.05,0.00000167,0,-0.00000167,100.63297112,100.87605768,172694612,16772165851,Source: 'api:OfelyaRza'
356398776,1689724815330222,19 Jul 2023 00:00:15,BTC-PERPETUAL,trade,open sell,29370,-3550220,29870,29874.13,29864.9,0,0,0.05,0.00049163,0,-0.00049163,100.6329728,100.84520458,172694355,16772131480,Source: 'api:OfelyaRza'
356398775,1689724815330221,19 Jul 2023 00:00:15,BTC-PERPETUAL,trade,open sell,400,-3520850,29870,29874.13,29864.9,0,0,0.05,0.0000067,0,-0.0000067,100.63346443,100.84520458,172694354,16772131480,Source: 'api:OfelyaRza'
356398774,1689724815330220,19 Jul 2023 00:00:15,BTC-PERPETUAL,trade,open sell,100,-3520450,29870,29874.13,29864.9,0,0,0.05,0.00000167,0,-0.00000167,100.63347112,100.84520458,172694353,16772131480,Source: 'api:OfelyaRza'
356398686,1689724738269188,18 Jul 2023 23:58:58,BTC-PERPETUAL,trade,open sell,29770,-3520350,29874,29873.35,29867.58,0,0,0.05,0.00049826,0,-0.00049826,100.6334728,100.84891964,172694310,16772119935,Source: 'api:OfelyaRza'
356398685,1689724738269187,18 Jul 2023 23:58:58,BTC-PERPETUAL,trade,open sell,100,-3490580,29874,29873.35,29867.58,0,0,0.05,0.00000167,0,-0.00000167,100.63397106,100.84891964,172694309,16772119935,Source: 'api:OfelyaRza'
356398575,1689724688158222,18 Jul 2023 23:58:08,BTC-PERPETUAL,trade,open sell,11090,-3490480,29859.5,29860.37,29852.33,0,0,0.05,0.0001857,0,-0.0001857,100.63397273,100.90018811,172694255,16772112232,Source: 'api:OfelyaRza'
356398574,1689724688158221,18 Jul 2023 23:58:08,BTC-PERPETUAL,trade,open sell,110,-3479390,29860,29860.37,29852.33,0,0,0.05,0.00000184,0,-0.00000184,100.63415843,100.90018811,172694254,16772112232,Source: 'api:OfelyaRza'
356398573,1689724688158220,18 Jul 2023 23:58:08,BTC-PERPETUAL,trade,open sell,2860,-3479280,29860,29860.37,29852.33,0,0,0.05,0.00004789,0,-0.00004789,100.63416028,100.90018811,172694253,16772112232,Source: 'api:OfelyaRza'
356398572,1689724688158219,18 Jul 2023 23:58:08,BTC-PERPETUAL,trade,open sell,100,-3476420,29861.5,29860.37,29852.33,0,0,0.05,0.00000167,0,-0.00000167,100.63420817,100.90018811,172694252,16772112232,Source: 'api:OfelyaRza'
356398571,1689724688158218,18 Jul 2023 23:58:08,BTC-PERPETUAL,trade,open sell,8250,-3476320,29861.5,29860.37,29852.33,0,0,0.05,0.00013814,0,-0.00013814,100.63420984,100.90018811,172694251,16772112232,Source: 'api:OfelyaRza'
356398570,1689724688158217,18 Jul 2023 23:58:08,BTC-PERPETUAL,trade,open sell,7450,-3468070,29861.5,29860.37,29852.33,0,0,0.05,0.00012474,0,-0.00012474,100.63434798,100.90018811,172694250,16772112232,Source: 'api:OfelyaRza'
356398338,1689724635734177,18 Jul 2023 23:57:15,BTC-PERPETUAL,trade,open sell,29860,-3460620,29861.5,29862.04,29857.32,0,0,0.05,0.00049998,0,-0.00049998,100.63447272,100.89419893,172694136,16772103541,Source: 'api:OfelyaRza'
356398292,1689724555874181,18 Jul 2023 23:55:55,BTC-PERPETUAL,trade,open sell,29860,-3430760,29861.5,29862.57,29858.8,0,0,0.05,0.00049998,0,-0.00049998,100.6349727,100.89267798,172694113,16772091391,Source: 'api:OfelyaRza'
356396076,1689723909872181,18 Jul 2023 23:45:09,BTC-PERPETUAL,trade,open sell,29830,-3400900,29829.5,29830.16,29824.25,0,0,0.05,0.00050001,0,-0.00050001,100.63547267,101.01694809,172693010,16771990493,Source: 'api:OfelyaRza'
356395976,1689723745501181,18 Jul 2023 23:42:25,BTC-PERPETUAL,trade,open sell,29830,-3371070,29821,29826.42,29824.65,0,0,0.05,0.00050015,0,-0.00050015,100.63597268,101.03164064,172692960,16771965678,Source: 'api:OfelyaRza'
356395734,1689723621897196,18 Jul 2023 23:40:21,BTC-PERPETUAL,trade,open sell,10,-3341240,29828.5,29827.5,29825.35,0,0,0.051,1.7e-7,0,-1.7e-7,100.63647283,101.02826642,172692839,16771946672,Source: 'api:OfelyaRza'
356395733,1689723621897195,18 Jul 2023 23:40:21,BTC-PERPETUAL,trade,open sell,29820,-3341230,29828.5,29827.5,29825.35,0,0,0.05,0.00049986,0,-0.00049986,100.636473,101.02826642,172692838,16771946672,Source: 'api:OfelyaRza'
356395660,1689723591205191,18 Jul 2023 23:39:51,BTC-PERPETUAL,trade,open sell,29820,-3311410,29816.5,29817.33,29816.11,0,0,0.05,0.00050006,0,-0.00050006,100.63697286,101.06659882,172692802,16771941787,Source: 'api:OfelyaRza'
356395654,1689723570179182,18 Jul 2023 23:39:30,BTC-PERPETUAL,trade,open sell,29820,-3281590,29816.5,29820.65,29817.38,0,0,0.05,0.00050006,0,-0.00050006,100.63747292,101.05487388,172692799,16771938764,Source: 'api:OfelyaRza'
356395650,1689723569209176,18 Jul 2023 23:39:29,BTC-PERPETUAL,trade,open sell,29820,-3251770,29816.5,29821.17,29817.62,0,0,0.05,0.00050006,0,-0.00050006,100.63797297,101.05361169,172692797,16771938689,Source: 'api:OfelyaRza'
356395502,1689723479521196,18 Jul 2023 23:37:59,BTC-PERPETUAL,trade,open sell,29710,-3221950,29807,29809.34,29805.42,0,0,0.05,0.00049837,0,-0.00049837,100.63847303,101.09714558,172692723,16771924559,Source: 'api:OfelyaRza'
356395501,1689723479521195,18 Jul 2023 23:37:59,BTC-PERPETUAL,trade,open sell,100,-3192240,29807,29809.34,29805.42,0,0,0.05,0.00000168,0,-0.00000168,100.63897141,101.09714558,172692722,16771924559,Source: 'api:OfelyaRza'
356395200,1689723380697203,18 Jul 2023 23:36:20,BTC-PERPETUAL,trade,open sell,26250,-3192140,29835.5,29833.46,29827.04,0,0,0.05,0.00043991,0,-0.00043991,100.63897308,101.01114699,172692573,16771908068,Source: 'api:OfelyaRza'
356395199,1689723380697202,18 Jul 2023 23:36:20,BTC-PERPETUAL,trade,open sell,100,-3165890,29836,29833.46,29827.04,0,0,0.05,0.00000168,0,-0.00000168,100.639413,101.01114699,172692572,16771908068,Source: 'api:OfelyaRza'
356395198,1689723380697201,18 Jul 2023 23:36:20,BTC-PERPETUAL,trade,open sell,1740,-3165790,29836.5,29833.46,29827.04,0,0,0.05,0.00002916,0,-0.00002916,100.63941467,101.01114699,172692571,16771908068,Source: 'api:OfelyaRza'
356395197,1689723380697200,18 Jul 2023 23:36:20,BTC-PERPETUAL,trade,open sell,1740,-3164050,29836.5,29833.46,29827.04,0,0,0.05,0.00002916,0,-0.00002916,100.63944383,101.01114699,172692570,16771908068,Source: 'api:OfelyaRza'
356395148,1689723359612155,18 Jul 2023 23:35:59,BTC-PERPETUAL,trade,open sell,29740,-3162310,29840,29840.12,29836.12,0,0,0.05,0.00049832,0,-0.00049832,100.63947299,100.98791676,172692547,16771904826,Source: 'api:OfelyaRza'
356395147,1689723359612154,18 Jul 2023 23:35:59,BTC-PERPETUAL,trade,open sell,100,-3132570,29840,29840.12,29836.12,0,0,0.05,0.00000168,0,-0.00000168,100.63997131,100.98791676,172692546,16771904826,Source: 'api:OfelyaRza'
356395134,1689723293790186,18 Jul 2023 23:34:53,BTC-PERPETUAL,trade,open sell,29740,-3132470,29840,29844.17,29838.61,0,0,0.05,0.00049832,0,-0.00049832,100.63997299,100.97417514,172692540,16771894970,Source: 'api:OfelyaRza'
356395133,1689723293790185,18 Jul 2023 23:34:53,BTC-PERPETUAL,trade,open sell,100,-3102730,29840,29844.17,29838.61,0,0,0.05,0.00000168,0,-0.00000168,100.64047131,100.97417514,172692539,16771894970,Source: 'api:OfelyaRza'
356394922,1689723177482368,18 Jul 2023 23:32:57,BTC-PERPETUAL,trade,open sell,29840,-3102630,29839.5,29843.89,29840.12,0,0,0.05,0.00050001,0,-0.00050001,100.64047299,100.97579025,172692434,16771876984,Source: 'api:OfelyaRza'
356394481,1689722758601211,18 Jul 2023 23:25:58,BTC-PERPETUAL,trade,open sell,29740,-3072790,29846.5,29846.25,29839.51,0,0,0.05,0.00049822,0,-0.00049822,100.640973,100.96829594,172692214,16771813069,Source: 'api:OfelyaRza'
356394480,1689722758601210,18 Jul 2023 23:25:58,BTC-PERPETUAL,trade,open sell,110,-3043050,29846.5,29846.25,29839.51,0,0,0.05,0.00000184,0,-0.00000184,100.64147121,100.96829594,172692213,16771813069,Source: 'api:OfelyaRza'
356393662,1689721728512176,18 Jul 2023 23:08:48,BTC-PERPETUAL,trade,open sell,29820,-3042940,29817,29816.03,29809.44,0,0,0.05,0.00050005,0,-0.00050005,100.64147306,101.07212282,172691804,16771661370,Source: 'api:OfelyaRza'
356393638,1689721668123186,18 Jul 2023 23:07:48,BTC-PERPETUAL,trade,open sell,29710,-3013120,29817,29815.68,29808.36,0,0,0.05,0.00049821,0,-0.00049821,100.64197311,101.07377662,172691792,16771652362,Source: 'api:OfelyaRza'
356393637,1689721668123185,18 Jul 2023 23:07:48,BTC-PERPETUAL,trade,open sell,100,-2983410,29817,29815.68,29808.36,0,0,0.05,0.00000168,0,-0.00000168,100.64247131,101.07377662,172691791,16771652362,Source: 'api:OfelyaRza'
356391201,1689719179958206,18 Jul 2023 22:26:19,BTC-PERPETUAL,trade,open sell,29700,-2983310,29797,29795.04,29787.41,0,0,0.05,0.00049837,0,-0.00049837,100.64247299,101.14354599,172690577,16771270034,Source: 'api:OfelyaRza'
356391200,1689719179958205,18 Jul 2023 22:26:19,BTC-PERPETUAL,trade,open sell,100,-2953610,29797,29795.04,29787.41,0,0,0.05,0.00000168,0,-0.00000168,100.64297136,101.14354599,172690576,16771270034,Source: 'api:OfelyaRza'
356389968,1689717507125179,18 Jul 2023 21:58:27,BTC-PERPETUAL,trade,open sell,29810,-2953510,29808.5,29809.34,29802.88,0,0,0.05,0.00050003,0,-0.00050003,100.64297304,101.09642723,172689962,16771012365,Source: 'api:OfelyaRza'
356389948,1689717435578179,18 Jul 2023 21:57:15,BTC-PERPETUAL,trade,open sell,29810,-2923700,29806.5,29806.5,29798.6,0,0,0.05,0.00050006,0,-0.00050006,100.64347306,101.10630062,172689952,16771001520,Source: 'api:OfelyaRza'
356389648,1689716928555141,18 Jul 2023 21:48:48,BTC-PERPETUAL,trade,open sell,29720,-2893890,29815,29816.95,29809.95,0,0,0.05,0.00049841,0,-0.00049841,100.64397312,101.07277364,172689802,16770924022,Source: 'api:OfelyaRza'
356389647,1689716928555140,18 Jul 2023 21:48:48,BTC-PERPETUAL,trade,open sell,100,-2864170,29815,29816.95,29809.95,0,0,0.05,0.00000168,0,-0.00000168,100.64447153,101.07277364,172689801,16770924022,Source: 'api:OfelyaRza'
356389614,1689716674889185,18 Jul 2023 21:44:34,BTC-PERPETUAL,trade,open sell,29720,-2864070,29815,29817.18,29809.83,0,0,0.05,0.00049841,0,-0.00049841,100.64447321,101.07259819,172689785,16770885702,Source: 'api:OfelyaRza'
356389613,1689716674889184,18 Jul 2023 21:44:34,BTC-PERPETUAL,trade,open sell,100,-2834350,29815,29817.18,29809.83,0,0,0.05,0.00000168,0,-0.00000168,100.64497161,101.07259819,172689784,16770885702,Source: 'api:OfelyaRza'
356389606,1689716643771189,18 Jul 2023 21:44:03,BTC-PERPETUAL,trade,open sell,29710,-2834250,29815,29814.62,29807.68,0,0,0.05,0.00049824,0,-0.00049824,100.64497329,101.08133313,172689781,16770881176,Source: 'api:OfelyaRza'
356389605,1689716643771188,18 Jul 2023 21:44:03,BTC-PERPETUAL,trade,open sell,100,-2804540,29815,29814.62,29807.68,0,2e-8,0.05,0.00000168,0,-0.00000168,100.64547153,101.08133313,172689780,16770881176,Source: 'api:OfelyaRza'
356389323,1689715969308181,18 Jul 2023 21:32:49,BTC-PERPETUAL,trade,open sell,29830,-2804440,29834,29833.55,29821.62,0,0,0.05,0.00049993,0,-0.00049993,100.64547321,101.02213565,172689640,16770778514,Source: 'api:OfelyaRza'
356389269,1689715849610189,18 Jul 2023 21:30:49,BTC-PERPETUAL,trade,open sell,29820,-2774610,29837.5,29836.45,29826.99,0,0,0.05,0.00049971,0,-0.00049971,100.64597314,101.01358093,172689613,16770760411,Source: 'api:OfelyaRza'
356389268,1689715849610188,18 Jul 2023 21:30:49,BTC-PERPETUAL,trade,open sell,10,-2744790,29837.5,29836.45,29826.99,0,0,0.051,1.7e-7,0,-1.7e-7,100.64647285,101.01358093,172689612,16770760411,Source: 'api:OfelyaRza'
356389267,1689715849610187,18 Jul 2023 21:30:49,BTC-PERPETUAL,trade,open sell,10,-2744780,29837.5,29836.45,29826.99,0,0,0.051,1.7e-7,0,-1.7e-7,100.64647302,101.01358093,172689611,16770760411,Source: 'api:OfelyaRza'
356389247,1689715773215179,18 Jul 2023 21:29:33,BTC-PERPETUAL,trade,open sell,29840,-2744770,29837.5,29838.8,29832.98,0,0,0.05,0.00050004,0,-0.00050004,100.64647318,101.00680066,172689602,16770748806,Source: 'api:OfelyaRza'
356389227,1689715710722551,18 Jul 2023 21:28:30,BTC-PERPETUAL,trade,open sell,29840,-2714930,29837.5,29837.11,29831.47,0,0,0.05,0.00050004,0,-0.00050004,100.64697323,101.01249783,172689592,16770739421,Source: 'api:OfelyaRza'
356389155,1689715603677185,18 Jul 2023 21:26:43,BTC-PERPETUAL,trade,open sell,510,-2685090,29833,29835.97,29827.36,0,0,0.05,0.00000855,0,-0.00000855,100.64747327,101.01642328,172689556,16770723000,Source: 'api:OfelyaRza'
356389154,1689715603677184,18 Jul 2023 21:26:43,BTC-PERPETUAL,trade,open sell,29330,-2684580,29833,29835.97,29827.36,0,0,0.05,0.00049157,0,-0.00049157,100.64748182,101.01642328,172689555,16770723000,Source: 'api:OfelyaRza'
356389066,1689715526427222,18 Jul 2023 21:25:26,BTC-PERPETUAL,trade,open sell,3760,-2655250,29836,29836.46,29828.56,0,0,0.05,0.00006301,0,-0.00006301,100.64797339,101.01556142,172689512,16770710846,Source: 'api:OfelyaRza'
356389065,1689715526427221,18 Jul 2023 21:25:26,BTC-PERPETUAL,trade,open sell,100,-2651490,29836,29836.46,29828.56,0,0,0.05,0.00000168,0,-0.00000168,100.6480364,101.01556142,172689511,16770710846,Source: 'api:OfelyaRza'
356389064,1689715526427220,18 Jul 2023 21:25:26,BTC-PERPETUAL,trade,open sell,110,-2651390,29836,29836.46,29828.56,0,0,0.05,0.00000184,0,-0.00000184,100.64803807,101.01556142,172689510,16770710846,Source: 'api:OfelyaRza'
356389063,1689715526427219,18 Jul 2023 21:25:26,BTC-PERPETUAL,trade,open sell,9100,-2651280,29836.5,29836.46,29828.56,0,0,0.05,0.0001525,0,-0.0001525,100.64803992,101.01556142,172689509,16770710846,Source: 'api:OfelyaRza'
356389062,1689715526427218,18 Jul 2023 21:25:26,BTC-PERPETUAL,trade,open sell,16770,-2642180,29836.5,29836.46,29828.56,0,0,0.05,0.00028103,0,-0.00028103,100.64819241,101.01556142,172689508,16770710846,Source: 'api:OfelyaRza'
356388545,1689715030886174,18 Jul 2023 21:17:10,BTC-PERPETUAL,trade,open sell,29790,-2625410,29789.5,29789.52,29778.69,0,0.00000288,0.05,0.00050001,0,-0.00050001,100.64847345,101.15471542,172689251,16770631826,Source: 'api:OfelyaRza'
356388093,1689714473730177,18 Jul 2023 21:07:53,BTC-PERPETUAL,trade,open sell,29790,-2595620,29794,29795.47,29783.12,0,0,0.05,0.00049993,0,-0.00049993,100.64897345,101.13781341,172689025,16770542209,Source: 'api:OfelyaRza'
356386687,1689713164288222,18 Jul 2023 20:46:04,BTC-PERPETUAL,trade,open sell,29800,-2565830,29803,29797.85,29790.43,0,0,0.05,0.00049995,0,-0.00049995,100.64947339,101.13148456,172688325,16770333973,Source: 'api:OfelyaRza'
356385429,1689712534799121,18 Jul 2023 20:35:34,BTC-PERPETUAL,trade,open sell,29760,-2536030,29762.5,29763.3,29754.68,0,0.00394413,0.05,0.00049996,0,-0.00049996,100.64997334,101.23060702,172687696,16770229436,Source: 'api:OfelyaRza'
356199284,1689684170779173,18 Jul 2023 12:42:50,BTC-PERPETUAL,trade,open sell,29820,-2506270,29819,29815.16,29801.29,0,0.00009924,0.05,0.00050002,0,-0.00050002,100.65047329,101.08072193,172594440,16765624012,Source: 'api:OfelyaRza'
356182459,1689682110319184,18 Jul 2023 12:08:30,BTC-PERPETUAL,trade,open sell,29920,-2476450,29918.5,29919.32,29907.08,0,0.0000419,0.05,0.00050003,0,-0.00050003,100.65097331,100.79183161,172586032,16765295019,Source: 'api:OfelyaRza'
356180420,1689681770314189,18 Jul 2023 12:02:50,BTC-PERPETUAL,trade,open sell,29930,-2446530,29926,29927.02,29913.66,0,0.00000416,0.05,0.00050007,0,-0.00050007,100.65147334,100.7712781,172585013,16765241858,Source: 'api:OfelyaRza'
356179172,1689681591131191,18 Jul 2023 11:59:51,BTC-PERPETUAL,trade,open sell,29770,-2416600,29899,29898.01,29884.85,0,0,0.05,0.00049784,0,-0.00049784,100.6519734,100.85015949,172584393,16765212172,Source: 'api:OfelyaRza'
356179171,1689681591131190,18 Jul 2023 11:59:51,BTC-PERPETUAL,trade,open sell,30,-2386830,29899,29898.01,29884.85,0,0,0.05,5e-7,0,-5e-7,100.65247125,100.85015949,172584392,16765212172,Source: 'api:OfelyaRza'
356179170,1689681591131189,18 Jul 2023 11:59:51,BTC-PERPETUAL,trade,open sell,100,-2386800,29899,29898.01,29884.85,0,0,0.05,0.00000167,0,-0.00000167,100.65247175,100.85015949,172584391,16765212172,Source: 'api:OfelyaRza'
356178444,1689681491291193,18 Jul 2023 11:58:11,BTC-PERPETUAL,trade,open sell,29910,-2386700,29907.5,29908.51,29898.12,0,0,0.05,0.00050004,0,-0.00050004,100.65247342,100.8226011,172584029,16765194393,Source: 'api:OfelyaRza'
356177297,1689681373899216,18 Jul 2023 11:56:13,BTC-PERPETUAL,trade,open sell,29110,-2356790,29878.5,29879.48,29875.61,0,0,0.05,0.00048714,0,-0.00048714,100.65297346,100.8996946,172583456,16765171521,Source: 'api:OfelyaRza'
356177296,1689681373899215,18 Jul 2023 11:56:13,BTC-PERPETUAL,trade,open sell,680,-2327680,29879,29879.48,29875.61,0,0,0.05,0.00001138,0,-0.00001138,100.6534606,100.8996946,172583455,16765171521,Source: 'api:OfelyaRza'
356177295,1689681373899214,18 Jul 2023 11:56:13,BTC-PERPETUAL,trade,open sell,100,-2327000,29884,29879.48,29875.61,0,0.00001222,0.05,0.00000167,0,-0.00000167,100.65347198,100.8996946,172583454,16765171521,Source: 'api:OfelyaRza'
356174696,1689680909709221,18 Jul 2023 11:48:29,BTC-PERPETUAL,trade,open sell,6810,-2326900,29995.5,29995.06,29982.36,0,0,0.05,0.00011352,0,-0.00011352,100.65347365,100.60013398,172582157,16765093937,Source: 'api:OfelyaRza'
356174695,1689680909709220,18 Jul 2023 11:48:29,BTC-PERPETUAL,trade,open sell,16870,-2320090,29996,29995.06,29982.36,0,0,0.05,0.0002812,0,-0.0002812,100.65358717,100.60013398,172582156,16765093937,Source: 'api:OfelyaRza'
356174694,1689680909709219,18 Jul 2023 11:48:29,BTC-PERPETUAL,trade,open sell,5490,-2303220,29996.5,29995.06,29982.36,0,0,0.05,0.00009151,0,-0.00009151,100.65386838,100.60013398,172582155,16765093937,Source: 'api:OfelyaRza'
356174693,1689680909709218,18 Jul 2023 11:48:29,BTC-PERPETUAL,trade,open sell,20,-2297730,29997,29995.06,29982.36,0,0,0.049,3.3e-7,0,-3.3e-7,100.65395989,100.60013398,172582154,16765093937,Source: 'api:OfelyaRza'
356174692,1689680909709217,18 Jul 2023 11:48:29,BTC-PERPETUAL,trade,open sell,810,-2297710,29997,29995.06,29982.36,0,0,0.05,0.0000135,0,-0.0000135,100.65396022,100.60013398,172582153,16765093937,Source: 'api:OfelyaRza'
356174286,1689680700885200,18 Jul 2023 11:45:00,BTC-PERPETUAL,trade,open sell,30010,-2296900,30008.5,30010.15,30000.43,0,0,0.05,0.00050003,0,-0.00050003,100.65397372,100.56209784,172581952,16765066654,Source: 'api:OfelyaRza'
356173828,1689680315915531,18 Jul 2023 11:38:35,BTC-PERPETUAL,trade,open sell,30020,-2266890,30022,30022.66,30012.98,0,9.7e-7,0.05,0.00049997,0,-0.00049997,100.65447375,100.53117751,172581723,16765019045,Source: 'api:OfelyaRza'
356173442,1689680021706198,18 Jul 2023 11:33:41,BTC-PERPETUAL,trade,open sell,20050,-2236870,30050.5,30049.97,30035.56,0,0,0.05,0.00033361,0,-0.00033361,100.65497371,100.46398593,172581530,16764982184,Source: 'api:OfelyaRza'
356173441,1689680021706197,18 Jul 2023 11:33:41,BTC-PERPETUAL,trade,open sell,5000,-2216820,30050.5,30049.97,30035.56,0,0,0.05,0.00008319,0,-0.00008319,100.65530732,100.46398593,172581529,16764982184,Source: 'api:OfelyaRza'
356173440,1689680021706196,18 Jul 2023 11:33:41,BTC-PERPETUAL,trade,open sell,5000,-2211820,30050.5,30049.97,30035.56,0,1e-8,0.05,0.00008319,0,-0.00008319,100.65539051,100.46398593,172581528,16764982184,Source: 'api:OfelyaRza'
356173310,1689679956532180,18 Jul 2023 11:32:36,BTC-PERPETUAL,trade,open sell,29960,-2206820,30060,30059.3,30047.92,0,0,0.05,0.00049834,0,-0.00049834,100.6554737,100.44167401,172581465,16764972979,Source: 'api:OfelyaRza'
356173309,1689679956532179,18 Jul 2023 11:32:36,BTC-PERPETUAL,trade,open sell,100,-2176860,30060,30059.3,30047.92,0,0.00003519,0.05,0.00000166,0,-0.00000166,100.65597204,100.44167401,172581464,16764972979,Source: 'api:OfelyaRza'
356137640,1689667202283882,18 Jul 2023 08:00:00,BTC-PERPETUAL,settlement,short,-2176760,-2176760,29970.79,0,0,0.58407786,0.00065252,-,0,0,0.58407786,100.6559737,100.6559737,,,
356013233,1689628809677368,17 Jul 2023 21:20:09,BTC-PERPETUAL,trade,open sell,29260,-2176760,30079,30080.79,30071.43,0,0,0.05,0.00048639,0,-0.00048639,100.07189584,100.38972868,172505503,16757146867,Source: 'api:OfelyaRza'
356013232,1689628809677367,17 Jul 2023 21:20:09,BTC-PERPETUAL,trade,open sell,600,-2147500,30079.5,30080.79,30071.43,0,0,0.05,0.00000997,0,-0.00000997,100.07238223,100.38972868,172505502,16757146867,Source: 'api:OfelyaRza'
356013231,1689628809677366,17 Jul 2023 21:20:09,BTC-PERPETUAL,trade,open sell,120,-2146900,30081,30080.79,30071.43,0,0,0.05,0.000002,0,-0.000002,100.0723922,100.38972868,172505501,16757146867,Source: 'api:OfelyaRza'
356013230,1689628809677365,17 Jul 2023 21:20:09,BTC-PERPETUAL,trade,open sell,100,-2146780,30081.5,30080.79,30071.43,0,0.00000789,0.05,0.00000166,0,-0.00000166,100.0723942,100.38972868,172505500,16757146867,Source: 'api:OfelyaRza'
356007750,1689627946892175,17 Jul 2023 21:05:46,BTC-PERPETUAL,trade,open sell,29970,-2146680,29970.5,29971,29966.23,0,0,0.05,0.00049999,0,-0.00049999,100.07239586,100.65169993,172502763,16757006086,Source: 'api:OfelyaRza'
356001874,1689626860652205,17 Jul 2023 20:47:40,BTC-PERPETUAL,trade,open sell,29840,-2116710,29937,29937.31,29940.35,0,0,0.05,0.00049838,0,-0.00049838,100.07289585,100.73169487,172499830,16756840696,Source: 'api:OfelyaRza'
356001873,1689626860652204,17 Jul 2023 20:47:40,BTC-PERPETUAL,trade,open sell,100,-2086870,29937,29937.31,29940.35,0,0,0.05,0.00000167,0,-0.00000167,100.07339423,100.73169487,172499829,16756840696,Source: 'api:OfelyaRza'
356001546,1689626743720187,17 Jul 2023 20:45:43,BTC-PERPETUAL,trade,open sell,16500,-2086770,29940.5,29938.81,29937.89,0,0,0.05,0.00027555,0,-0.00027555,100.0733959,100.72871292,172499666,16756823240,Source: 'api:OfelyaRza'
356001545,1689626743720186,17 Jul 2023 20:45:43,BTC-PERPETUAL,trade,open sell,13440,-2070270,29940.5,29938.81,29937.89,0,0,0.05,0.00022445,0,-0.00022445,100.07367145,100.72871292,172499665,16756823240,Source: 'api:OfelyaRza'
355996803,1689625585244190,17 Jul 2023 20:26:25,BTC-PERPETUAL,trade,open sell,29950,-2056830,29950,29952.54,29953.89,0,0,0.05,0.0005,0,-0.0005,100.0738959,100.69766443,172497295,16756653661,Source: 'api:OfelyaRza'
355996359,1689625471926169,17 Jul 2023 20:24:31,BTC-PERPETUAL,trade,open sell,29950,-2026880,29952.5,29951.67,29948.34,0,0,0.05,0.00049996,0,-0.00049996,100.0743959,100.70021481,172497073,16756635707,Source: 'api:OfelyaRza'
355996073,1689625416913181,17 Jul 2023 20:23:36,BTC-PERPETUAL,trade,open sell,29940,-1996930,29938,29941.28,29936.49,0,0,0.05,0.00050003,0,-0.00050003,100.07489585,100.723823,172496930,16756626833,Source: 'api:OfelyaRza'
355995835,1689625357705172,17 Jul 2023 20:22:37,BTC-PERPETUAL,trade,open sell,29950,-1966990,29945.5,29943.88,29939.47,0,0,0.05,0.00050008,0,-0.00050008,100.07539589,100.71872835,172496811,16756617479,Source: 'api:OfelyaRza'
355995723,1689625327892179,17 Jul 2023 20:22:07,BTC-PERPETUAL,trade,open sell,29960,-1937040,29955.5,29956.47,29952.99,0,0,0.05,0.00050008,0,-0.00050008,100.07589596,100.69198705,172496755,16756612644,Source: 'api:OfelyaRza'
355994381,1689625068391180,17 Jul 2023 20:17:48,BTC-PERPETUAL,trade,open sell,29990,-1907080,29984.5,29982.8,29982.17,0,0,0.05,0.00050009,0,-0.00050009,100.07639604,100.6366137,172496084,16756569811,Source: 'api:OfelyaRza'
355992541,1689624614592178,17 Jul 2023 20:10:14,BTC-PERPETUAL,trade,open sell,29970,-1877090,29970.5,29971.48,29970.19,0,0,0.05,0.00049999,0,-0.00049999,100.07689613,100.66070272,172495164,16756497609,Source: 'api:OfelyaRza'
355990736,1689624271918177,17 Jul 2023 20:04:31,BTC-PERPETUAL,trade,open sell,29970,-1847120,29971,29971.89,29967.04,0,0,0.05,0.00049998,0,-0.00049998,100.07739612,100.66039236,172494262,16756440178,Source: 'api:OfelyaRza'
355986712,1689623736503187,17 Jul 2023 19:55:36,BTC-PERPETUAL,trade,open sell,10,-1817150,29873.5,29875.8,29871.33,0,0,0.051,1.7e-7,0,-1.7e-7,100.0778961,100.85592234,172492254,16756347197,Source: 'api:OfelyaRza'
355986711,1689623736503186,17 Jul 2023 19:55:36,BTC-PERPETUAL,trade,open sell,29870,-1817140,29873.5,29875.8,29871.33,0,0,0.05,0.00049994,0,-0.00049994,100.07789627,100.85592234,172492253,16756347197,Source: 'api:OfelyaRza'
355986682,1689623725528177,17 Jul 2023 19:55:25,BTC-PERPETUAL,trade,open sell,29880,-1787270,29873.5,29876.9,29871.08,0,0.00000406,0.05,0.00050011,0,-0.00050011,100.07839621,100.85429689,172492239,16756345584,Source: 'api:OfelyaRza'
355985890,1689623571865203,17 Jul 2023 19:52:51,BTC-PERPETUAL,trade,open sell,23160,-1757390,29862.5,29862.76,29853.32,0,0,0.05,0.00038778,0,-0.00038778,100.07889632,100.88275849,172491843,16756319390,Source: 'api:OfelyaRza'
355985889,1689623571865202,17 Jul 2023 19:52:51,BTC-PERPETUAL,trade,open sell,6720,-1734230,29862.5,29862.76,29853.32,0,5.7e-7,0.05,0.00011252,0,-0.00011252,100.0792841,100.88275849,172491842,16756319390,Source: 'api:OfelyaRza'
355985436,1689623481716208,17 Jul 2023 19:51:21,BTC-PERPETUAL,trade,open sell,20,-1727510,29862,29846.9,29835.82,0,0,0.051,3.4e-7,0,-3.4e-7,100.07939661,100.91400627,172491616,16756304334,Source: 'api:OfelyaRza'
355985435,1689623481716207,17 Jul 2023 19:51:21,BTC-PERPETUAL,trade,open sell,29860,-1727490,29862,29846.9,29835.82,0,0.00163315,0.05,0.00049997,0,-0.00049997,100.07939695,100.91400627,172491615,16756304334,Source: 'api:OfelyaRza'
355788271,1689584578930189,17 Jul 2023 09:02:58,BTC-PERPETUAL,trade,open sell,29740,-1697630,30287.5,30289.45,30287.62,0,0,0.05,0.00049096,0,-0.00049096,100.07989692,100.0813409,172392200,16749951402,Source: 'api:OfelyaRza'
355788270,1689584578930188,17 Jul 2023 09:02:58,BTC-PERPETUAL,trade,open sell,550,-1667890,30287.5,30289.45,30287.62,0,0,0.05,0.00000908,0,-0.00000908,100.08038788,100.0813409,172392199,16749951402,Source: 'api:OfelyaRza'
355766730,1689580802184708,17 Jul 2023 08:00:00,BTC-PERPETUAL,settlement,short,-1667340,-1667340,30290.28,0,0,0.00491022,0,-,0,0,0.00491022,100.08039696,100.08096434,,,
355756639,1689580695222180,17 Jul 2023 07:58:15,BTC-PERPETUAL,trade,open sell,30280,-1667340,30281.5,30283.48,30281.94,0,0.00000389,0.05,0.00049998,0,-0.00049998,100.07548674,100.09275712,172380118,16749516861,Source: 'api:OfelyaRza'
355657479,1689541624701182,16 Jul 2023 21:07:04,BTC-PERPETUAL,trade,open sell,30190,-1637060,30293,30293.85,30290.09,0,0,0.05,0.0004983,0,-0.0004983,100.07598671,100.07481383,172330618,16744867425,Source: 'api:OfelyaRza'
355657478,1689541624701181,16 Jul 2023 21:07:04,BTC-PERPETUAL,trade,open sell,100,-1606870,30293,30293.85,30290.09,0,0,0.05,0.00000165,0,-0.00000165,100.07648501,100.07481383,172330617,16744867425,Source: 'api:OfelyaRza'
355657475,1689541611995183,16 Jul 2023 21:06:51,BTC-PERPETUAL,trade,open sell,30290,-1606770,30293,30293.62,30290.01,0,0,0.05,0.00049995,0,-0.00049995,100.07648666,100.07574453,172330616,16744865973,Source: 'api:OfelyaRza'
355657411,1689541479354172,16 Jul 2023 21:04:39,BTC-PERPETUAL,trade,open sell,30290,-1576480,30291.5,30292.51,30288.68,0,0,0.05,0.00049998,0,-0.00049998,100.07698661,100.07817184,172330584,16744850539,Source: 'api:OfelyaRza'
355657323,1689541306306178,16 Jul 2023 21:01:46,BTC-PERPETUAL,trade,open sell,30290,-1546190,30290.5,30291.62,30288.07,0,0,0.05,0.00049999,0,-0.00049999,100.07748659,100.08020482,172330544,16744831104,Source: 'api:OfelyaRza'
355657095,1689540670738177,16 Jul 2023 20:51:10,BTC-PERPETUAL,trade,open sell,30310,-1515900,30310.5,30310.18,30295.55,0,0.00000162,0.05,0.00049999,0,-0.00049999,100.07798658,100.05009834,172330430,16744757740,Source: 'api:OfelyaRza'
355656963,1689540316028187,16 Jul 2023 20:45:16,BTC-PERPETUAL,trade,open sell,260,-1485590,30310.5,30311.36,30304.99,0,0,0.05,0.00000429,0,-0.00000429,100.07848657,100.04867812,172330364,16744716158,Source: 'api:OfelyaRza'
355656962,1689540316028186,16 Jul 2023 20:45:16,BTC-PERPETUAL,trade,open sell,30050,-1485330,30310.5,30311.36,30304.99,0,0,0.05,0.0004957,0,-0.0004957,100.07849086,100.04867812,172330363,16744716158,Source: 'api:OfelyaRza'
355648106,1689536436451188,16 Jul 2023 19:40:36,BTC-PERPETUAL,trade,open sell,24910,-1455280,30270,30270.13,30267.19,0,0,0.05,0.00041146,0,-0.00041146,100.07898656,100.11460083,172325940,16744234525,Source: 'api:OfelyaRza'
355648105,1689536436451187,16 Jul 2023 19:40:36,BTC-PERPETUAL,trade,open sell,5360,-1430370,30270,30270.13,30267.19,0,0,0.05,0.00008854,0,-0.00008854,100.07939803,100.11460083,172325939,16744234525,Source: 'api:OfelyaRza'
355648102,1689536434447194,16 Jul 2023 19:40:34,BTC-PERPETUAL,trade,open sell,30270,-1425010,30270,30270.11,30267.19,0,0,0.05,0.0005,0,-0.0005,100.07948656,100.11513623,172325938,16744234295,Source: 'api:OfelyaRza'
355636479,1689534459144349,16 Jul 2023 19:07:39,BTC-PERPETUAL,trade,open sell,30210,-1394740,30309,30309.49,30303.92,0,0,0.05,0.00049837,0,-0.00049837,100.07998656,100.0557744,172320127,16743988896,Source: 'api:OfelyaRza'
355636478,1689534459144348,16 Jul 2023 19:07:39,BTC-PERPETUAL,trade,open sell,100,-1364530,30309,30309.49,30303.92,0,0,0.05,0.00000165,0,-0.00000165,100.08048493,100.0557744,172320126,16743988896,Source: 'api:OfelyaRza'
355636475,1689534457278173,16 Jul 2023 19:07:37,BTC-PERPETUAL,trade,open sell,30310,-1364430,30309,30309.24,30303.67,0,0,0.05,0.00050002,0,-0.00050002,100.08048658,100.05666189,172320125,16743988621,Source: 'api:OfelyaRza'
355636463,1689534427942179,16 Jul 2023 19:07:07,BTC-PERPETUAL,trade,open sell,30210,-1334120,30309,30307.87,30304.71,0,0,0.05,0.00049837,0,-0.00049837,100.0809866,100.05915952,172320119,16743985043,Source: 'api:OfelyaRza'
355636462,1689534427942178,16 Jul 2023 19:07:07,BTC-PERPETUAL,trade,open sell,100,-1303910,30309,30307.87,30304.71,0,0,0.05,0.00000165,0,-0.00000165,100.08148496,100.05915952,172320118,16743985043,Source: 'api:OfelyaRza'
355636459,1689534425548176,16 Jul 2023 19:07:05,BTC-PERPETUAL,trade,open sell,30310,-1303810,30309,30307.05,30304.21,0,0,0.05,0.00050002,0,-0.00050002,100.08148661,100.06078618,172320117,16743984710,Source: 'api:OfelyaRza'
355636337,1689534309383867,16 Jul 2023 19:05:09,BTC-PERPETUAL,trade,open sell,30230,-1273500,30314,30316.61,30310.47,0,0,0.05,0.00049862,0,-0.00049862,100.08198663,100.04797135,172320056,16743970264,Source: 'api:OfelyaRza'
355636336,1689534309383866,16 Jul 2023 19:05:09,BTC-PERPETUAL,trade,open sell,90,-1243270,30314,30316.61,30310.47,0,0,0.05,0.00000148,0,-0.00000148,100.08248524,100.04797135,172320055,16743970264,Source: 'api:OfelyaRza'
355636333,1689534307019187,16 Jul 2023 19:05:07,BTC-PERPETUAL,trade,open sell,30220,-1243180,30314,30316.13,30309.69,0,0,0.05,0.00049845,0,-0.00049845,100.08248673,100.04920682,172320054,16743969881,Source: 'api:OfelyaRza'
355636332,1689534307019186,16 Jul 2023 19:05:07,BTC-PERPETUAL,trade,open sell,100,-1212960,30314,30316.13,30309.69,0,0,0.05,0.00000165,0,-0.00000165,100.08298518,100.04920682,172320053,16743969881,Source: 'api:OfelyaRza'
355636245,1689534253986183,16 Jul 2023 19:04:13,BTC-PERPETUAL,trade,open sell,30320,-1212860,30317.5,30318.36,30318.21,0,0,0.05,0.00050004,0,-0.00050004,100.08298683,100.04683456,172320010,16743962928,Source: 'api:OfelyaRza'
355636231,1689534251097177,16 Jul 2023 19:04:11,BTC-PERPETUAL,trade,open sell,30320,-1182540,30315.5,30316.76,30316.67,0,0,0.05,0.00050007,0,-0.00050007,100.08348687,100.04942145,172320003,16743962451,Source: 'api:OfelyaRza'
355635841,1689534116323215,16 Jul 2023 19:01:56,BTC-PERPETUAL,trade,open sell,30200,-1152220,30299,30297.65,30295.47,0,0,0.05,0.00049837,0,-0.00049837,100.08398694,100.0739351,172319808,16743944411,Source: 'api:OfelyaRza'
355635840,1689534116323214,16 Jul 2023 19:01:56,BTC-PERPETUAL,trade,open sell,100,-1122020,30299,30297.65,30295.47,0,0,0.05,0.00000165,0,-0.00000165,100.08448531,100.0739351,172319807,16743944411,Source: 'api:OfelyaRza'
355635555,1689533885265177,16 Jul 2023 18:58:05,BTC-PERPETUAL,trade,open sell,30290,-1121920,30283.5,30284.49,30281.73,0,0,0.05,0.00050011,0,-0.00050011,100.08448696,100.09048176,172319665,16743914348,Source: 'api:OfelyaRza'
355635237,1689533789807187,16 Jul 2023 18:56:29,BTC-PERPETUAL,trade,open sell,400,-1091630,30279,30275.27,30266.73,0,0,0.05,0.00000661,0,-0.00000661,100.08498707,100.10199193,172319506,16743901037,Source: 'api:OfelyaRza'
355635236,1689533789807186,16 Jul 2023 18:56:29,BTC-PERPETUAL,trade,open sell,29870,-1091230,30279.5,30275.27,30266.73,0,0,0.05,0.00049324,0,-0.00049324,100.08499367,100.10199193,172319505,16743901037,Source: 'api:OfelyaRza'
355633584,1689532863747188,16 Jul 2023 18:41:03,BTC-PERPETUAL,trade,open sell,30210,-1061360,30309,30310.63,30306.2,0,0,0.05,0.00049837,0,-0.00049837,100.08548691,100.06145527,172318680,16743781520,Source: 'api:OfelyaRza'
355633583,1689532863747187,16 Jul 2023 18:41:03,BTC-PERPETUAL,trade,open sell,100,-1031150,30309,30310.63,30306.2,0,0.00000515,0.05,0.00000165,0,-0.00000165,100.08598528,100.06145527,172318679,16743781520,Source: 'api:OfelyaRza'
355632071,1689532731470176,16 Jul 2023 18:38:51,BTC-PERPETUAL,trade,open sell,30340,-1031050,30343.5,30345.01,30338.92,0,0,0.05,0.00049994,0,-0.00049994,100.08598693,100.02346465,172317925,16743759971,Source: 'api:OfelyaRza'
355618113,1689528402355182,16 Jul 2023 17:26:42,BTC-PERPETUAL,trade,open sell,30410,-1000710,30405.5,30406.47,30401.24,0,0.00032197,0.05,0.00050007,0,-0.00050007,100.08648687,99.95735708,172310959,16743231379,Source: 'api:OfelyaRza'
355516845,1689494402138682,16 Jul 2023 08:00:00,BTC-PERPETUAL,settlement,short,-970300,-970300,30283.65,0,0,0.04444212,0.00014826,-,0,0,0.04444212,100.08698694,100.08698694,,,
355403722,1689455183876193,15 Jul 2023 21:06:23,BTC-PERPETUAL,trade,open sell,360,-970300,30317.5,30316.77,30306.66,0,0,0.05,0.00000594,0,-0.00000594,100.04254482,100.05183569,172207769,16734053044,Source: 'api:OfelyaRza'
355403721,1689455183876192,15 Jul 2023 21:06:23,BTC-PERPETUAL,trade,open sell,29960,-969940,30317.5,30316.77,30306.66,0,0,0.05,0.0004941,0,-0.0004941,100.04255075,100.05183569,172207768,16734053044,Source: 'api:OfelyaRza'
355403693,1689454939905182,15 Jul 2023 21:02:19,BTC-PERPETUAL,trade,open sell,30320,-939980,30317.5,30317.65,30309.07,0,0,0.05,0.00050004,0,-0.00050004,100.04304486,100.05141169,172207755,16734022146,Source: 'api:OfelyaRza'
355403517,1689454585997169,15 Jul 2023 20:56:25,BTC-PERPETUAL,trade,open sell,30320,-909660,30320,30320.67,30317.78,0,0,0.05,0.0005,0,-0.0005,100.0435449,100.04892819,172207671,16733977070,Source: 'api:OfelyaRza'
355403485,1689454403118185,15 Jul 2023 20:53:23,BTC-PERPETUAL,trade,open sell,30230,-879340,30320,30320.48,30317.38,0,0,0.05,0.00049852,0,-0.00049852,100.0440449,100.04963202,172207655,16733953860,Source: 'api:OfelyaRza'
355403484,1689454403118184,15 Jul 2023 20:53:23,BTC-PERPETUAL,trade,open sell,90,-849110,30320,30320.48,30317.38,0,0,0.05,0.00000148,0,-0.00000148,100.04454342,100.04963202,172207654,16733953860,Source: 'api:OfelyaRza'
355403479,1689454367662188,15 Jul 2023 20:52:47,BTC-PERPETUAL,trade,open sell,10,-849020,30320,30320.81,30317.33,0,0,0.052,1.7e-7,0,-1.7e-7,100.0445449,100.04984309,172207652,16733949453,Source: 'api:OfelyaRza'
355403478,1689454367662187,15 Jul 2023 20:52:47,BTC-PERPETUAL,trade,open sell,30310,-849010,30320,30320.81,30317.33,0,0,0.05,0.00049984,0,-0.00049984,100.04454506,100.04984309,172207651,16733949453,Source: 'api:OfelyaRza'
355403439,1689454265714176,15 Jul 2023 20:51:05,BTC-PERPETUAL,trade,open sell,30320,-818700,30320,30320.57,30317.92,0,0,0.05,0.0005,0,-0.0005,100.0450449,100.05058353,172207632,16733936169,Source: 'api:OfelyaRza'
355403435,1689454248830338,15 Jul 2023 20:50:48,BTC-PERPETUAL,trade,open sell,30220,-788380,30320,30320.47,30318.2,0,0,0.05,0.00049835,0,-0.00049835,100.0455449,100.05118809,172207630,16733934086,Source: 'api:OfelyaRza'
355403434,1689454248830337,15 Jul 2023 20:50:48,BTC-PERPETUAL,trade,open sell,100,-758160,30320,30320.47,30318.2,0,0,0.05,0.00000165,0,-0.00000165,100.04604325,100.05118809,172207629,16733934086,Source: 'api:OfelyaRza'
355403427,1689454197188192,15 Jul 2023 20:49:57,BTC-PERPETUAL,trade,open sell,30320,-758060,30320,30322.88,30318.37,0,0,0.05,0.0005,0,-0.0005,100.0460449,100.04971651,172207626,16733927577,Source: 'api:OfelyaRza'
355403425,1689454174117188,15 Jul 2023 20:49:34,BTC-PERPETUAL,trade,open sell,30300,-727740,30320,30323.57,30317.45,0,0,0.05,0.00049967,0,-0.00049967,100.0465449,100.04976539,172207625,16733924524,Source: 'api:OfelyaRza'
355403424,1689454174117187,15 Jul 2023 20:49:34,BTC-PERPETUAL,trade,open sell,20,-697440,30320,30323.57,30317.45,0,0,0.05,3.3e-7,0,-3.3e-7,100.04704457,100.04976539,172207624,16733924524,Source: 'api:OfelyaRza'
355403397,1689454139297187,15 Jul 2023 20:48:59,BTC-PERPETUAL,trade,open sell,30220,-697420,30320,30321.27,30314.99,0,0,0.05,0.00049835,0,-0.00049835,100.0470449,100.05212771,172207611,16733920018,Source: 'api:OfelyaRza'
355403396,1689454139297186,15 Jul 2023 20:48:59,BTC-PERPETUAL,trade,open sell,100,-667200,30320,30321.27,30314.99,0,0,0.05,0.00000165,0,-0.00000165,100.04754325,100.05212771,172207610,16733920018,Source: 'api:OfelyaRza'
355403393,1689454120681174,15 Jul 2023 20:48:40,BTC-PERPETUAL,trade,open sell,30320,-667100,30320,30321.43,30314.8,0,0,0.05,0.0005,0,-0.0005,100.0475449,100.0525535,172207609,16733917640,Source: 'api:OfelyaRza'
355403387,1689454059771342,15 Jul 2023 20:47:39,BTC-PERPETUAL,trade,open sell,50,-636780,30320,30321.28,30314.72,0,0,0.05,8.3e-7,0,-8.3e-7,100.0480449,100.05320456,172207606,16733909928,Source: 'api:OfelyaRza'
355403386,1689454059771341,15 Jul 2023 20:47:39,BTC-PERPETUAL,trade,open sell,30270,-636730,30320,30321.28,30314.72,0,0,0.05,0.00049918,0,-0.00049918,100.04804572,100.05320456,172207605,16733909928,Source: 'api:OfelyaRza'
355403381,1689454032217181,15 Jul 2023 20:47:12,BTC-PERPETUAL,trade,open sell,30320,-606460,30320,30321.38,30314.34,0,0,0.05,0.0005,0,-0.0005,100.0485449,100.05368081,172207603,16733906492,Source: 'api:OfelyaRza'
355403373,1689454001863184,15 Jul 2023 20:46:41,BTC-PERPETUAL,trade,open sell,30320,-576140,30320,30321.64,30314.14,0,0,0.05,0.0005,0,-0.0005,100.0490449,100.05406339,172207599,16733902714,Source: 'api:OfelyaRza'
355403367,1689453963193192,15 Jul 2023 20:46:03,BTC-PERPETUAL,trade,open sell,30220,-545820,30320,30321.17,30312.54,0,0,0.05,0.00049835,0,-0.00049835,100.0495449,100.05489651,172207596,16733897603,Source: 'api:OfelyaRza'
355403366,1689453963193191,15 Jul 2023 20:46:03,BTC-PERPETUAL,trade,open sell,100,-515600,30320,30321.17,30312.54,0,0,0.05,0.00000165,0,-0.00000165,100.05004325,100.05489651,172207595,16733897603,Source: 'api:OfelyaRza'
355403353,1689453885011231,15 Jul 2023 20:44:45,BTC-PERPETUAL,trade,open sell,30320,-515500,30320,30319.39,30309.49,0,0,0.05,0.0005,0,-0.0005,100.0500449,100.05643321,172207589,16733887552,Source: 'api:OfelyaRza'
355403096,1689453418694191,15 Jul 2023 20:36:58,BTC-PERPETUAL,trade,open sell,30210,-485180,30310,30310.04,30305.24,0,0,0.05,0.00049835,0,-0.00049835,100.0505449,100.06184946,172207461,16733830689,Source: 'api:OfelyaRza'
355403095,1689453418694190,15 Jul 2023 20:36:58,BTC-PERPETUAL,trade,open sell,100,-454970,30310,30310.04,30305.24,0,0,0.05,0.00000165,0,-0.00000165,100.05104325,100.06184946,172207460,16733830689,Source: 'api:OfelyaRza'
355403042,1689453300163906,15 Jul 2023 20:35:00,BTC-PERPETUAL,trade,open sell,30310,-454870,30310,30310.12,30301.09,0,0,0.05,0.0005,0,-0.0005,100.0510449,100.06231117,172207434,16733816111,Source: 'api:OfelyaRza'
355402985,1689453117294174,15 Jul 2023 20:31:57,BTC-PERPETUAL,trade,open sell,30310,-424560,30314,30314.38,30307.08,0,0,0.05,0.00049993,0,-0.00049993,100.0515449,100.06084673,172207406,16733793874,Source: 'api:OfelyaRza'
355402835,1689452894621488,15 Jul 2023 20:28:14,BTC-PERPETUAL,trade,open sell,20,-394250,30326,30325.54,30316.94,0,0,0.05,3.3e-7,0,-3.3e-7,100.05204483,100.05657314,172207331,16733766377,Source: 'api:OfelyaRza'
355402834,1689452894621487,15 Jul 2023 20:28:14,BTC-PERPETUAL,trade,open sell,30310,-394230,30326,30325.54,30316.94,0,0,0.05,0.00049974,0,-0.00049974,100.05204516,100.05657314,172207330,16733766377,Source: 'api:OfelyaRza'
355402825,1689452819242202,15 Jul 2023 20:26:59,BTC-PERPETUAL,trade,open sell,30230,-363920,30326,30326.9,30317.73,0,0,0.05,0.00049842,0,-0.00049842,100.0525449,100.05651988,172207326,16733757643,Source: 'api:OfelyaRza'
355402824,1689452819242201,15 Jul 2023 20:26:59,BTC-PERPETUAL,trade,open sell,100,-333690,30326,30326.9,30317.73,0,0,0.05,0.00000165,0,-0.00000165,100.05304332,100.05651988,172207325,16733757643,Source: 'api:OfelyaRza'
355402819,1689452749366187,15 Jul 2023 20:25:49,BTC-PERPETUAL,trade,open sell,30230,-333590,30326,30327.21,30318.35,0,0,0.05,0.00049842,0,-0.00049842,100.05304497,100.05693718,172207323,16733749385,Source: 'api:OfelyaRza'
355402818,1689452749366186,15 Jul 2023 20:25:49,BTC-PERPETUAL,trade,open sell,100,-303360,30326,30327.21,30318.35,0,0,0.05,0.00000165,0,-0.00000165,100.05354338,100.05693718,172207322,16733749385,Source: 'api:OfelyaRza'
355402815,1689452729397173,15 Jul 2023 20:25:29,BTC-PERPETUAL,trade,open sell,30330,-303260,30326,30325.69,30317.21,0,0,0.05,0.00050007,0,-0.00050007,100.05354503,100.05797836,172207321,16733746974,Source: 'api:OfelyaRza'
355402811,1689452713008188,15 Jul 2023 20:25:12,BTC-PERPETUAL,trade,open sell,30310,-272930,30326,30327.14,30319.36,0,0,0.05,0.00049974,0,-0.00049974,100.0540451,100.05803789,172207319,16733744976,Source: 'api:OfelyaRza'
355402810,1689452713008187,15 Jul 2023 20:25:12,BTC-PERPETUAL,trade,open sell,20,-242620,30326,30327.14,30319.36,0,0,0.05,3.3e-7,0,-3.3e-7,100.05454483,100.05803789,172207318,16733744976,Source: 'api:OfelyaRza'
355402807,1689452666658197,15 Jul 2023 20:24:26,BTC-PERPETUAL,trade,open sell,80,-242600,30326,30327.09,30319.43,0,0,0.05,0.00000132,0,-0.00000132,100.05454516,100.05858874,172207317,16733739453,Source: 'api:OfelyaRza'
355402806,1689452666658196,15 Jul 2023 20:24:26,BTC-PERPETUAL,trade,open sell,30250,-242520,30326,30327.09,30319.43,0,0,0.05,0.00049875,0,-0.00049875,100.05454648,100.05858874,172207316,16733739453,Source: 'api:OfelyaRza'
355402697,1689452485166183,15 Jul 2023 20:21:25,BTC-PERPETUAL,trade,open sell,30330,-212270,30329.5,30330.51,30320.67,0,0,0.05,0.00050001,0,-0.00050001,100.05504523,100.05833553,172207262,16733717597,Source: 'api:OfelyaRza'
355402693,1689452471022182,15 Jul 2023 20:21:11,BTC-PERPETUAL,trade,open sell,30330,-181940,30329.5,30330.51,30320.14,0,0,0.05,0.00050001,0,-0.00050001,100.05554524,100.05886883,172207260,16733715988,Source: 'api:OfelyaRza'
355402621,1689452243793171,15 Jul 2023 20:17:23,BTC-PERPETUAL,trade,open sell,30330,-151610,30329.5,30329.27,30318.96,0,0,0.05,0.00050001,0,-0.00050001,100.05604525,100.05960651,172207224,16733688777,Source: 'api:OfelyaRza'
355402593,1689452227310133,15 Jul 2023 20:17:07,BTC-PERPETUAL,trade,open sell,30330,-121280,30329.5,30330.45,30321.6,0,0,0.05,0.00050001,0,-0.00050001,100.05654525,100.05994336,172207210,16733686698,Source: 'api:OfelyaRza'
355402491,1689452047308337,15 Jul 2023 20:14:07,BTC-PERPETUAL,trade,open sell,30320,-90950,30322.5,30322.99,30313.01,0,0,0.05,0.00049996,0,-0.00049996,100.05704526,100.06121241,172207159,16733664434,Source: 'api:OfelyaRza'
355402479,1689452008477192,15 Jul 2023 20:13:28,BTC-PERPETUAL,trade,open sell,30300,-60630,30322.5,30322.67,30311.26,0,0,0.05,0.00049963,0,-0.00049963,100.05754522,100.06174963,172207153,16733659923,Source: 'api:OfelyaRza'
355402478,1689452008477191,15 Jul 2023 20:13:28,BTC-PERPETUAL,trade,open sell,10,-30330,30322.5,30322.67,30311.26,0,0,0.052,1.7e-7,0,-1.7e-7,100.05804485,100.06174963,172207152,16733659923,Source: 'api:OfelyaRza'
355402477,1689452008477190,15 Jul 2023 20:13:28,BTC-PERPETUAL,trade,open sell,10,-30320,30322.5,30322.67,30311.26,0,0,0.052,1.7e-7,0,-1.7e-7,100.05804501,100.06174963,172207151,16733659923,Source: 'api:OfelyaRza'
355402321,1689451767042200,15 Jul 2023 20:09:27,BTC-PERPETUAL,trade,open sell,26830,-30310,30314,30314.72,30303.72,0,0,0.05,0.00044254,0,-0.00044254,100.05804518,100.06251733,172207074,16733630477,Source: 'api:OfelyaRza'
355402320,1689451767042199,15 Jul 2023 20:09:27,BTC-PERPETUAL,trade,open sell,100,-3480,30314,30314.72,30303.72,0,0,0.05,0.00000165,0,-0.00000165,100.05848771,100.06251733,172207073,16733630477,Source: 'api:OfelyaRza'
355402319,1689451767042198,15 Jul 2023 20:09:27,BTC-PERPETUAL,trade,open sell,3380,-3380,30314,30314.72,30303.72,0,0,0.05,0.00005575,0,-0.00005575,100.05848936,100.06251733,172207072,16733630477,Source: 'api:OfelyaRza'
355402264,1689451734225185,15 Jul 2023 20:08:54,BTC-PERPETUAL,trade,close buy,30310,0,30320.5,30318.17,30303.12,-0.00001649,0,0.05,0.00049983,0,-0.00049983,100.05854511,100.06304101,172207046,16733626457,Source: api
355402263,1689451733540179,15 Jul 2023 20:08:53,BTC-PERPETUAL,trade,open sell,30310,-30310,30320,30318.14,30303.12,0,0,0.05,0.00049984,0,-0.00049984,100.05904494,100.06361866,172207045,16733626401,Source: 'api:OfelyaRza'
355402227,1689451709252209,15 Jul 2023 20:08:29,BTC-PERPETUAL,trade,close buy,28820,0,30320.5,30319.01,30307.52,-0.00001567,0,0.05,0.00047526,0,-0.00047526,100.05954478,100.06405716,172207027,16733623280,Source: api
355402226,1689451709252208,15 Jul 2023 20:08:29,BTC-PERPETUAL,trade,close buy,1500,-28820,30320.5,30319.01,30307.52,-8.2e-7,0,0.05,0.00002474,0,-0.00002474,100.06002003,100.06405716,172207026,16733623280,Source: api
355402223,1689451708543185,15 Jul 2023 20:08:28,BTC-PERPETUAL,trade,open sell,30220,-30320,30320,30318.96,30307.52,0,0,0.05,0.00049835,0,-0.00049835,100.06004477,100.06460795,172207025,16733623215,Source: 'api:OfelyaRza'
355402222,1689451708543184,15 Jul 2023 20:08:28,BTC-PERPETUAL,trade,open sell,100,-100,30320,30318.96,30307.52,0,0,0.05,0.00000165,0,-0.00000165,100.06054312,100.06460795,172207024,16733623215,Source: 'api:OfelyaRza'
355402062,1689451521270194,15 Jul 2023 20:05:21,BTC-PERPETUAL,trade,close buy,9870,0,30331.5,30330.83,30320.62,-0.00000536,0,0.05,0.0001627,0,-0.0001627,100.06054477,100.06507364,172206945,16733599815,Source: api
355402061,1689451521270193,15 Jul 2023 20:05:21,BTC-PERPETUAL,trade,close buy,20460,-9870,30331.5,30330.83,30320.62,-0.00001112,0,0.05,0.00033727,0,-0.00033727,100.06070747,100.06507364,172206944,16733599815,Source: api
355402059,1689451520587176,15 Jul 2023 20:05:20,BTC-PERPETUAL,trade,open sell,30330,-30330,30331,30331.18,30320.95,0,0,0.05,0.00049998,0,-0.00049998,100.06104474,100.06558417,172206943,16733599720,Source: 'api:OfelyaRza'
355402025,1689451475748263,15 Jul 2023 20:04:35,BTC-PERPETUAL,trade,close buy,10930,0,30334,30332.02,30323.06,0.00013545,0,0.05,0.00018016,0,-0.00018016,100.06154473,100.06609009,172206927,16733594291,Source: api
355402024,1689451475748262,15 Jul 2023 20:04:35,BTC-PERPETUAL,trade,close buy,1980,-10930,30333.5,30332.02,30323.06,0.00002561,0,0.05,0.00003264,0,-0.00003264,100.06172489,100.06609009,172206926,16733594291,Source: api
355402023,1689451475748261,15 Jul 2023 20:04:35,BTC-PERPETUAL,trade,close buy,120,-12910,30333.5,30332.02,30323.06,0.00000155,0,0.05,0.00000198,0,-0.00000198,100.06175752,100.06609009,172206925,16733594291,Source: api
355402022,1689451475748260,15 Jul 2023 20:04:35,BTC-PERPETUAL,trade,close buy,200,-13030,30333,30332.02,30323.06,0.0000027,0,0.05,0.0000033,0,-0.0000033,100.0617595,100.06609009,172206924,16733594291,Source: api
355402021,1689451475748259,15 Jul 2023 20:04:35,BTC-PERPETUAL,trade,close buy,10,-13230,30333,30332.02,30323.06,1.4e-7,0,0.052,1.7e-7,0,-1.7e-7,100.0617628,100.06609009,172206923,16733594291,Source: api
355402020,1689451475748258,15 Jul 2023 20:04:35,BTC-PERPETUAL,trade,close buy,1500,-13240,30332.5,30332.02,30323.06,0.00002103,0,0.05,0.00002473,0,-0.00002473,100.06176296,100.06609009,172206922,16733594291,Source: api
355402019,1689451475748257,15 Jul 2023 20:04:35,BTC-PERPETUAL,trade,close buy,100,-14740,30332,30332.02,30323.06,0.00000146,0,0.05,0.00000165,0,-0.00000165,100.06178769,100.06609009,172206921,16733594291,Source: api
355402018,1689451475748256,15 Jul 2023 20:04:35,BTC-PERPETUAL,trade,close buy,129060,-14840,30331.5,30332.02,30323.06,0.00195007,0,0.05,0.00212749,0,-0.00212749,100.06178934,100.06609009,172206920,16733594291,Source: api
355402017,1689451475748255,15 Jul 2023 20:04:35,BTC-PERPETUAL,trade,close buy,129060,-143900,30331.5,30332.02,30323.06,0.00195007,0,0.05,0.00212749,0,-0.00212749,100.06391683,100.06609009,172206919,16733594291,Source: api
355402016,1689451475748254,15 Jul 2023 20:04:35,BTC-PERPETUAL,trade,close buy,30330,-272960,30331.5,30332.02,30323.06,0.00045828,0,0.05,0.00049998,0,-0.00049998,100.06604432,100.06609009,172206918,16733594291,Source: api
355402007,1689451475098197,15 Jul 2023 20:04:35,BTC-PERPETUAL,trade,open sell,30220,-303290,30331,30332.02,30323.06,0,0,0.05,0.00049817,0,-0.00049817,100.0665443,100.07095452,172206917,16733594154,Source: 'api:OfelyaRza'
355402006,1689451475098196,15 Jul 2023 20:04:35,BTC-PERPETUAL,trade,open sell,10,-273070,30331,30332.02,30323.06,0,0,0.052,1.7e-7,0,-1.7e-7,100.06704247,100.07095452,172206916,16733594154,Source: 'api:OfelyaRza'
355402005,1689451475098195,15 Jul 2023 20:04:35,BTC-PERPETUAL,trade,open sell,100,-273060,30331,30332.02,30323.06,0,0,0.05,0.00000165,0,-0.00000165,100.06704263,100.07095452,172206915,16733594154,Source: 'api:OfelyaRza'
355401639,1689451104443192,15 Jul 2023 19:58:24,BTC-PERPETUAL,trade,open sell,29550,-272960,30349.5,30349.14,30337.77,0,0,0.05,0.00048683,0,-0.00048683,100.06704428,100.06641174,172206737,16733549463,Source: 'api:OfelyaRza'
355401638,1689451104443191,15 Jul 2023 19:58:24,BTC-PERPETUAL,trade,open sell,800,-243410,30349.5,30349.14,30337.77,0,0,0.05,0.00001318,0,-0.00001318,100.06753111,100.06641174,172206736,16733549463,Source: 'api:OfelyaRza'
355401560,1689451033688202,15 Jul 2023 19:57:13,BTC-PERPETUAL,trade,open sell,30350,-242610,30349.5,30352.1,30339.25,0,5e-8,0.05,0.00050001,0,-0.00050001,100.06754429,100.0661203,172206698,16733540923,Source: 'api:OfelyaRza'
355401484,1689450994860174,15 Jul 2023 19:56:34,BTC-PERPETUAL,trade,open sell,30350,-212260,30358,30357.41,30341.58,0,6e-8,0.05,0.00049987,0,-0.00049987,100.06804429,100.06548269,172206660,16733536127,Source: 'api:OfelyaRza'
355401224,1689450810378172,15 Jul 2023 19:53:30,BTC-PERPETUAL,trade,open sell,30350,-181910,30348.5,30346.7,30337.83,0,0,0.05,0.00050003,0,-0.00050003,100.06854416,100.06807786,172206530,16733513092,Source: 'api:OfelyaRza'
355401056,1689450120508180,15 Jul 2023 19:42:00,BTC-PERPETUAL,trade,open sell,30350,-151560,30348.5,30347.82,30340.34,0,0,0.05,0.00050003,0,-0.00050003,100.06904419,100.06833426,172206446,16733431447,Source: 'api:OfelyaRza'
355400709,1689449548922196,15 Jul 2023 19:32:28,BTC-PERPETUAL,trade,open sell,14900,-121210,30359.5,30359.75,30347.51,0,0,0.05,0.00024539,0,-0.00024539,100.06954421,100.0672424,172206273,16733362118,Source: 'api:OfelyaRza'
355400708,1689449548922195,15 Jul 2023 19:32:28,BTC-PERPETUAL,trade,open sell,15460,-106310,30359.5,30359.75,30347.51,0,2e-8,0.05,0.00025462,0,-0.00025462,100.06978961,100.0672424,172206272,16733362118,Source: 'api:OfelyaRza'
355398677,1689447560820178,15 Jul 2023 18:59:20,BTC-PERPETUAL,trade,open sell,30340,-90850,30338.5,30338.59,30335.64,0,0,0.05,0.00050003,0,-0.00050003,100.07004422,100.06983775,172205262,16733112144,Source: 'api:OfelyaRza'
355398665,1689447529882179,15 Jul 2023 18:58:49,BTC-PERPETUAL,trade,open sell,30250,-60510,30338,30340.58,30336.85,0,0,0.05,0.00049855,0,-0.00049855,100.07054425,100.07020992,172205256,16733108218,Source: 'api:OfelyaRza'
355398664,1689447529882178,15 Jul 2023 18:58:49,BTC-PERPETUAL,trade,open sell,90,-30260,30338,30340.58,30336.85,0,-0.00000112,0.05,0.00000148,0,-0.00000148,100.0710428,100.07020992,172205255,16733108218,Source: 'api:OfelyaRza'
355361677,1689408002248742,15 Jul 2023 08:00:00,BTC-PERPETUAL,settlement,short,-30170,-30170,30333.01,0,0,0.11332444,0.00000285,-,0,0,0.11332444,100.07104428,100.07128862,,,
355227568,1689359521232183,14 Jul 2023 18:32:01,BTC-PERPETUAL,trade,open sell,30170,-30170,30120,30168.09,30188.18,0,0,0.05,0.00050083,0,-0.00050083,99.95771984,100.07647875,172123949,16721477142,Source: 'api:OfelyaRza'
355224473,1689359388548308,14 Jul 2023 18:29:48,BTC-PERPETUAL,trade,close buy,42210,0,30401.5,30396.78,30396.73,0.03209291,0,0.05,0.00069421,0,-0.00069421,99.95822067,100.0785763,172122404,16721443001,Source: api
355224472,1689359388548307,14 Jul 2023 18:29:48,BTC-PERPETUAL,trade,close buy,9650,-42210,30400.5,30396.78,30396.73,0.00734749,0,0.05,0.00015871,0,-0.00015871,99.95891488,100.0785763,172122403,16721443001,Source: api
355224471,1689359388548306,14 Jul 2023 18:29:48,BTC-PERPETUAL,trade,close buy,12740,-51860,30400,30396.78,30396.73,0.0097071,0,0.05,0.00020954,0,-0.00020954,99.9590736,100.0785763,172122402,16721443001,Source: api
355224470,1689359388548305,14 Jul 2023 18:29:48,BTC-PERPETUAL,trade,close buy,160,-64600,30399.5,30396.78,30396.73,0.000122,0,0.05,0.00000263,0,-0.00000263,99.95928314,100.0785763,172122401,16721443001,Source: api
355224469,1689359388548304,14 Jul 2023 18:29:48,BTC-PERPETUAL,trade,close buy,8210,-64760,30398.5,30396.78,30396.73,0.00626884,0,0.05,0.00013504,0,-0.00013504,99.95928577,100.0785763,172122400,16721443001,Source: api
355224468,1689359388548303,14 Jul 2023 18:29:48,BTC-PERPETUAL,trade,close buy,32000,-72970,30397.5,30396.78,30396.73,0.0244686,0,0.05,0.00052636,0,-0.00052636,99.95942081,100.0785763,172122399,16721443001,Source: api
355224467,1689359388548302,14 Jul 2023 18:29:48,BTC-PERPETUAL,trade,close buy,7790,-104970,30396.5,30396.78,30396.73,0.00596501,0,0.05,0.00012814,0,-0.00012814,99.95994717,100.0785763,172122398,16721443001,Source: api
355224466,1689359388548301,14 Jul 2023 18:29:48,BTC-PERPETUAL,trade,close buy,7000,-112760,30396,30396.78,30396.73,0.00536387,0,0.05,0.00011515,0,-0.00011515,99.96007531,100.0785763,172122397,16721443001,Source: api
355224465,1689359388548300,14 Jul 2023 18:29:48,BTC-PERPETUAL,trade,close buy,800,-119760,30395.5,30396.78,30396.73,0.00061345,0,0.05,0.00001316,0,-0.00001316,99.96019045,100.0785763,172122396,16721443001,Source: api
355224464,1689359388548299,14 Jul 2023 18:29:48,BTC-PERPETUAL,trade,close buy,10,-120560,30390,30396.78,30396.73,0.00000773,0,0.052,1.7e-7,0,-1.7e-7,99.96020361,100.0785763,172122395,16721443001,Source: api
355224463,1689359388548298,14 Jul 2023 18:29:48,BTC-PERPETUAL,trade,close buy,120,-120570,30387.5,30396.78,30396.73,0.00009306,0,0.05,0.00000197,0,-0.00000197,99.96020378,100.0785763,172122394,16721443001,Source: api
355224462,1689359388548297,14 Jul 2023 18:29:48,BTC-PERPETUAL,trade,close buy,100,-120690,30387,30396.78,30396.73,0.0000776,0,0.05,0.00000165,0,-0.00000165,99.96020575,100.0785763,172122393,16721443001,Source: api
355224461,1689359388548296,14 Jul 2023 18:29:48,BTC-PERPETUAL,trade,close buy,30400,-120790,30387,30396.78,30396.73,0.02359074,0,0.05,0.00050021,0,-0.00050021,99.9602074,100.0785763,172122392,16721443001,Source: api
355224460,1689359388548295,14 Jul 2023 18:29:48,BTC-PERPETUAL,trade,close buy,4300,-151190,30387,30396.78,30396.73,0.00333685,0.00130039,0.05,0.00007075,0,-0.00007075,99.96070761,100.0785763,172122391,16721443001,Source: api
355017411,1689321602289520,14 Jul 2023 08:00:00,BTC-PERPETUAL,settlement,short,-155490,-155490,31120.85,0,0,-0.00916039,0.0017416,-,0,0,-0.00916039,99.96077837,99.96077837,,,
354855696,1689277019491056,13 Jul 2023 19:36:59,BTC-PERPETUAL,trade,open sell,21570,-155490,31783.5,31789.34,31753.64,0,0,0.05,0.00033933,0,-0.00033933,99.96993875,99.85397023,171938986,16709603044,Source: 'api:OfelyaRza'
354855695,1689277019491055,13 Jul 2023 19:36:59,BTC-PERPETUAL,trade,open sell,10220,-133920,31783.5,31789.34,31753.64,0,0.00005138,0.05,0.00016078,0,-0.00016078,99.97027808,99.85397023,171938985,16709603044,Source: 'api:OfelyaRza'
354842633,1689275513904094,13 Jul 2023 19:11:53,BTC-PERPETUAL,trade,open sell,31370,-123700,31370.5,31371.48,31350.55,0,8.2e-7,0.05,0.00049999,0,-0.00049999,99.97043885,99.90643302,171932461,16709312436,Source: 'api:OfelyaRza'
354842457,1689275468393045,13 Jul 2023 19:11:08,BTC-PERPETUAL,trade,open sell,31380,-92330,31378.5,31383.37,31364.01,0,0.00016151,0.05,0.00050002,0,-0.00050002,99.97093885,99.90584839,171932373,16709305846,Source: 'api:OfelyaRza'
354630088,1689235202290500,13 Jul 2023 08:00:00,BTC-PERPETUAL,settlement,short,-60950,-60950,30365.56,0,0,0.02663552,0.00033137,-,0,0,0.02663552,99.97143887,99.97143887,,,
354250739,1689148802090423,12 Jul 2023 08:00:00,BTC-PERPETUAL,settlement,short,-60950,-60950,30768.78,0,0,-0.0082837,0.00013582,-,0,0,-0.0082837,99.94480335,99.94480335,,,
354222441,1689143202988881,12 Jul 2023 06:26:42,BTC-PERPETUAL,trade,open sell,29200,-60950,30704.5,30704.55,30677.3,0,0,0.05,0.0004755,0,-0.0004755,99.95308705,99.94881133,171624435,16690029880,Source: 'api:OfelyaRza'
354222440,1689143202988880,12 Jul 2023 06:26:42,BTC-PERPETUAL,trade,open sell,1500,-31750,30704.5,30704.55,30677.3,0,0.00028034,0.05,0.00002443,0,-0.00002443,99.95356255,99.94881133,171624434,16690029880,Source: 'api:OfelyaRza'
353935568,1689062402247314,11 Jul 2023 08:00:00,BTC-PERPETUAL,settlement,short,-30250,-30250,30563.26,0,0,-0.01418432,0.0003333,-,0,0,-0.01418432,99.95358697,99.95358697,,,
353762867,1688976002262006,10 Jul 2023 08:00:00,BTC-PERPETUAL,settlement,short,-30250,-30250,30121.44,0,0,0.00378945,0.00000141,-,0,0,0.00378945,99.96777129,99.9677823,,,
353557569,1688933304502492,09 Jul 2023 20:08:24,BTC-PERPETUAL,trade,open sell,28520,-30250,30250,30249.42,30243.52,0,0,0.05,0.00047141,0,-0.00047141,99.96398185,99.963521,171299730,16661920286,Source: 'api:OfelyaRza'
353557568,1688933304502491,09 Jul 2023 20:08:24,BTC-PERPETUAL,trade,open sell,1670,-1730,30250,30249.42,30243.52,0,0,0.05,0.0000276,0,-0.0000276,99.96445325,99.963521,171299729,16661920286,Source: 'api:OfelyaRza'
353557567,1688933304502490,09 Jul 2023 20:08:24,BTC-PERPETUAL,trade,open sell,60,-60,30250,30249.42,30243.52,0,0,0.05,9.9e-7,0,-9.9e-7,99.96448086,99.963521,171299728,16661920286,Source: 'api:OfelyaRza'
353556319,1688931420625495,09 Jul 2023 19:37:00,BTC-PERPETUAL,trade,close buy,30160,0,30265,30263.43,30253.35,-0.00010436,0,0.05,0.00049827,0,-0.00049827,99.96448185,99.96400183,171299109,16661690694,Source: api
353556318,1688931420625494,09 Jul 2023 19:37:00,BTC-PERPETUAL,trade,close buy,100,-30160,30265,30263.43,30253.35,-3.5e-7,0,0.05,0.00000165,0,-0.00000165,99.96498011,99.96400183,171299108,16661690694,Source: api
353556314,1688931420493543,09 Jul 2023 19:37:00,BTC-PERPETUAL,trade,open sell,1550,-30260,30258.5,30263.43,30253.35,0,0,0.05,0.00002561,0,-0.00002561,99.96498177,99.96455361,171299107,16661690676,Source: 'api:OfelyaRza'
353556313,1688931420493542,09 Jul 2023 19:37:00,BTC-PERPETUAL,trade,open sell,9710,-28710,30259,30263.43,30253.35,0,0,0.05,0.00016045,0,-0.00016045,99.96500738,99.96455361,171299106,16661690676,Source: 'api:OfelyaRza'
353556312,1688931420493541,09 Jul 2023 19:37:00,BTC-PERPETUAL,trade,open sell,4000,-19000,30260,30263.43,30253.35,0,0,0.05,0.00006609,0,-0.00006609,99.96516783,99.96455361,171299105,16661690676,Source: 'api:OfelyaRza'
353556311,1688931420493540,09 Jul 2023 19:37:00,BTC-PERPETUAL,trade,open sell,100,-15000,30264,30263.43,30253.35,0,0,0.05,0.00000165,0,-0.00000165,99.96523392,99.96455361,171299104,16661690676,Source: 'api:OfelyaRza'
353556310,1688931420493539,09 Jul 2023 19:37:00,BTC-PERPETUAL,trade,open sell,14780,-14900,30264.5,30263.43,30253.35,0,0,0.05,0.00024418,0,-0.00024418,99.96523557,99.96455361,171299103,16661690676,Source: 'api:OfelyaRza'
353556309,1688931420493538,09 Jul 2023 19:37:00,BTC-PERPETUAL,trade,open sell,120,-120,30264.5,30263.43,30253.35,0,0,0.05,0.00000198,0,-0.00000198,99.96547975,99.96455361,171299102,16661690676,Source: 'api:OfelyaRza'
353556295,1688931362081496,09 Jul 2023 19:36:02,BTC-PERPETUAL,trade,close buy,30180,0,30265,30263.55,30253.28,0.0003623,0,0.05,0.0004986,0,-0.0004986,99.96548174,99.96510641,171299097,16661683584,Source: api
353556294,1688931362081495,09 Jul 2023 19:36:02,BTC-PERPETUAL,trade,close buy,100,-30180,30265,30263.55,30253.28,0.0000012,2.4e-7,0.05,0.00000165,0,-0.00000165,99.96598033,99.96510641,171299096,16661683584,Source: api
353502818,1688897757148494,09 Jul 2023 10:15:57,BTC-PERPETUAL,trade,open sell,30140,-30280,30276,30275.68,30270.03,0,0,0.05,0.00049775,0,-0.00049775,99.96598198,99.96525349,171272397,16657567064,Source: 'api:OfelyaRza'
353502817,1688897757148493,09 Jul 2023 10:15:57,BTC-PERPETUAL,trade,open sell,20,-140,30276,30275.68,30270.03,0,0,0.05,3.3e-7,0,-3.3e-7,99.96647974,99.96525349,171272396,16657567064,Source: 'api:OfelyaRza'
353502816,1688897757148492,09 Jul 2023 10:15:57,BTC-PERPETUAL,trade,open sell,20,-120,30276,30275.68,30270.03,0,0,0.05,3.3e-7,0,-3.3e-7,99.96648007,99.96525349,171272395,16657567064,Source: 'api:OfelyaRza'
353502815,1688897757148491,09 Jul 2023 10:15:57,BTC-PERPETUAL,trade,open sell,100,-100,30276,30275.68,30270.03,0,0,0.05,0.00000165,0,-0.00000165,99.9664804,99.96525349,171272394,16657567064,Source: 'api:OfelyaRza'
353502714,1688897614285479,09 Jul 2023 10:13:34,BTC-PERPETUAL,trade,close buy,30190,0,30292,30291.95,30287.56,-0.00001645,0,0.05,0.00049832,0,-0.00049832,99.96648205,99.96574298,171272345,16657550204,Source: api
353502713,1688897614285478,09 Jul 2023 10:13:34,BTC-PERPETUAL,trade,close buy,100,-30190,30292,30291.95,30287.56,-5e-8,0,0.05,0.00000165,0,-0.00000165,99.96698036,99.96574298,171272344,16657550204,Source: api
353502710,1688897614059484,09 Jul 2023 10:13:34,BTC-PERPETUAL,trade,open sell,28790,-30290,30291.5,30291.95,30287.56,0,0,0.05,0.00047522,0,-0.00047522,99.96698202,99.9662446,171272343,16657550161,Source: 'api:OfelyaRza'
353502709,1688897614059483,09 Jul 2023 10:13:34,BTC-PERPETUAL,trade,open sell,1500,-1500,30291.5,30291.95,30287.56,0,0,0.05,0.00002476,0,-0.00002476,99.96745723,99.9662446,171272342,16657550161,Source: 'api:OfelyaRza'
353502706,1688897593918472,09 Jul 2023 10:13:13,BTC-PERPETUAL,trade,close buy,30190,0,30292,30292.2,30287.25,-0.00001645,0,0.05,0.00049832,0,-0.00049832,99.96748199,99.96675943,171272341,16657547709,Source: api
353502705,1688897593918471,09 Jul 2023 10:13:13,BTC-PERPETUAL,trade,close buy,100,-30190,30292,30292.2,30287.25,-5e-8,0,0.05,0.00000165,0,-0.00000165,99.96798031,99.96675943,171272340,16657547709,Source: api
353502702,1688897590724478,09 Jul 2023 10:13:10,BTC-PERPETUAL,trade,open sell,30290,-30290,30291.5,30292.32,30287.23,0,0,0.05,0.00049998,0,-0.00049998,99.96798196,99.96724883,171272339,16657547434,Source: 'api:OfelyaRza'
353502700,1688897566197471,09 Jul 2023 10:12:46,BTC-PERPETUAL,trade,close buy,28690,0,30292,30291.57,30286.48,-0.00001563,0,0.05,0.00047356,0,-0.00047356,99.96848193,99.96777587,171272338,16657544582,Source: api
353502699,1688897566197470,09 Jul 2023 10:12:46,BTC-PERPETUAL,trade,close buy,100,-28690,30292,30291.57,30286.48,-5e-8,0,0.05,0.00000165,0,-0.00000165,99.96895549,99.96777587,171272337,16657544582,Source: api
353502698,1688897566197469,09 Jul 2023 10:12:46,BTC-PERPETUAL,trade,close buy,1500,-28790,30292,30291.57,30286.48,-8.2e-7,0,0.05,0.00002476,0,-0.00002476,99.96895714,99.96777587,171272336,16657544582,Source: api
353502694,1688897566036496,09 Jul 2023 10:12:46,BTC-PERPETUAL,trade,open sell,30290,-30290,30291.5,30291.57,30286.48,0,0,0.05,0.00049998,0,-0.00049998,99.9689819,99.96829003,171272335,16657544565,Source: 'api:OfelyaRza'
353502690,1688897545121495,09 Jul 2023 10:12:25,BTC-PERPETUAL,trade,close buy,30180,0,30292,30291.03,30286.48,-0.00001645,0,0.05,0.00049815,0,-0.00049815,99.96948187,99.96879232,171272333,16657542112,Source: api
353502689,1688897545121494,09 Jul 2023 10:12:25,BTC-PERPETUAL,trade,close buy,10,-30180,30292,30291.03,30286.48,-1e-8,0,0.051,1.7e-7,0,-1.7e-7,99.96998003,99.96879232,171272332,16657542112,Source: api
353502688,1688897545121493,09 Jul 2023 10:12:25,BTC-PERPETUAL,trade,close buy,100,-30190,30292,30291.03,30286.48,-5e-8,0,0.05,0.00000165,0,-0.00000165,99.96998019,99.96879232,171272331,16657542112,Source: api
353502684,1688897544983472,09 Jul 2023 10:12:24,BTC-PERPETUAL,trade,open sell,28790,-30290,30291.5,30291.03,30286.48,0,0,0.05,0.00047522,0,-0.00047522,99.96998184,99.96932431,171272330,16657542084,Source: 'api:OfelyaRza'
353502683,1688897544983471,09 Jul 2023 10:12:24,BTC-PERPETUAL,trade,open sell,1500,-1500,30291.5,30291.03,30286.48,0,0,0.05,0.00002476,0,-0.00002476,99.97045706,99.96932431,171272329,16657542084,Source: 'api:OfelyaRza'
353502666,1688897501797494,09 Jul 2023 10:11:41,BTC-PERPETUAL,trade,close buy,28660,0,30292,30291.78,30285.29,-0.00001562,0,0.05,0.00047306,0,-0.00047306,99.97048182,99.96980877,171272321,16657537034,Source: api
353502665,1688897501797493,09 Jul 2023 10:11:41,BTC-PERPETUAL,trade,close buy,100,-28660,30292,30291.78,30285.29,-5e-8,0,0.05,0.00000165,0,-0.00000165,99.97095488,99.96980877,171272320,16657537034,Source: api
353502664,1688897501797492,09 Jul 2023 10:11:41,BTC-PERPETUAL,trade,close buy,30,-28760,30292,30291.78,30285.29,-2e-8,0,0.05,5e-7,0,-5e-7,99.97095653,99.96980877,171272319,16657537034,Source: api
353502663,1688897501797491,09 Jul 2023 10:11:41,BTC-PERPETUAL,trade,close buy,1500,-28790,30292,30291.78,30285.29,-8.2e-7,0,0.05,0.00002476,0,-0.00002476,99.97095702,99.96980877,171272318,16657537034,Source: api
353502658,1688897501639486,09 Jul 2023 10:11:41,BTC-PERPETUAL,trade,open sell,29330,-30290,30291.5,30291.71,30285.22,0,0,0.05,0.00048413,0,-0.00048413,99.97098178,99.97031831,171272317,16657537015,Source: 'api:OfelyaRza'
353502657,1688897501639485,09 Jul 2023 10:11:41,BTC-PERPETUAL,trade,open sell,960,-960,30291.5,30291.71,30285.22,0,0,0.05,0.00001585,0,-0.00001585,99.97146591,99.97031831,171272316,16657537015,Source: 'api:OfelyaRza'
353502654,1688897476776482,09 Jul 2023 10:11:16,BTC-PERPETUAL,trade,close buy,90670,0,30292,30291.92,30285.33,-0.00067443,0,0.05,0.0014966,0,-0.0014966,99.97148176,99.97082521,171272315,16657534072,Source: api
353502653,1688897476776481,09 Jul 2023 10:11:16,BTC-PERPETUAL,trade,close buy,100,-90670,30292,30291.92,30285.33,-7.4e-7,0,0.05,0.00000165,0,-0.00000165,99.97297836,99.97082521,171272314,16657534072,Source: api
353502650,1688897476666482,09 Jul 2023 10:11:16,BTC-PERPETUAL,trade,open sell,28760,-90770,30291.5,30291.92,30285.33,0,0,0.05,0.00047472,0,-0.00047472,99.97298001,99.97233138,171272313,16657534061,Source: 'api:OfelyaRza'
353502649,1688897476666481,09 Jul 2023 10:11:16,BTC-PERPETUAL,trade,open sell,1500,-62010,30291.5,30291.92,30285.33,0,0,0.05,0.00002476,0,-0.00002476,99.97345473,99.97233138,171272312,16657534061,Source: 'api:OfelyaRza'
353502648,1688897476666480,09 Jul 2023 10:11:16,BTC-PERPETUAL,trade,open sell,30,-60510,30291.5,30291.92,30285.33,0,0.00001862,0.05,5e-7,0,-5e-7,99.97347949,99.97233138,171272311,16657534061,Source: 'api:OfelyaRza'
353488244,1688889602146959,09 Jul 2023 08:00:00,BTC-PERPETUAL,settlement,short,-60480,-60480,30282.01,0,0,-0.00295116,0.00002164,-,0,0,-0.00295116,99.97347998,99.97347998,,,
353299509,1688826034082482,08 Jul 2023 14:20:34,BTC-PERPETUAL,trade,open sell,30140,-60480,30237,30238.15,30221.82,0,0,0.05,0.0004984,0,-0.0004984,99.97643114,99.97635529,171174591,16647994829,Source: 'api:OfelyaRza'
353299508,1688826034082481,08 Jul 2023 14:20:34,BTC-PERPETUAL,trade,open sell,100,-30340,30237,30238.15,30221.82,0,2.2e-7,0.05,0.00000165,0,-0.00000165,99.97692954,99.97635529,171174590,16647994829,Source: 'api:OfelyaRza'
353299073,1688825873360503,08 Jul 2023 14:17:53,BTC-PERPETUAL,trade,open sell,28640,-30240,30237,30237.57,30219.41,0,0,0.05,0.00047359,0,-0.00047359,99.97693119,99.97691234,171174373,16647971050,Source: 'api:OfelyaRza'
353299072,1688825873360502,08 Jul 2023 14:17:53,BTC-PERPETUAL,trade,open sell,1500,-1600,30237,30237.57,30219.41,0,0,0.05,0.0000248,0,-0.0000248,99.97740478,99.97691234,171174372,16647971050,Source: 'api:OfelyaRza'
353299071,1688825873360501,08 Jul 2023 14:17:53,BTC-PERPETUAL,trade,open sell,100,-100,30237,30237.57,30219.41,0,0,0.05,0.00000165,0,-0.00000165,99.97742959,99.97691234,171174371,16647971050,Source: 'api:OfelyaRza'
350106887,1688112002868095,30 Jun 2023 08:00:00,BTC-PERPETUAL,settlement,-,0,0,30765.48,0,0,-0.02315592,0,-,0,0,-0.02315592,99.97743124,99.97743124,,,
349806930,1688041010960350,29 Jun 2023 12:16:50,BTC-PERPETUAL,trade,close buy,60760,0,30708,30704.4,30677.01,-0.0233599,0,0.05,0.00098932,0,-0.00098932,100.00058716,99.97743124,169445383,16577280265,Source: api
349806929,1688041010960349,29 Jun 2023 12:16:50,BTC-PERPETUAL,trade,close buy,10,-60760,30708,30704.4,30677.01,-0.00000384,0,0.049,1.6e-7,0,-1.6e-7,100.00157648,99.97743124,169445382,16577280265,Source: api
349806928,1688041010960348,29 Jun 2023 12:16:50,BTC-PERPETUAL,trade,close buy,100,-60770,30708,30704.4,30677.01,-0.00003845,0.00024627,0.05,0.00000163,0,-0.00000163,100.00157664,99.97743124,169445381,16577280265,Source: api
349753225,1688025602343779,29 Jun 2023 08:00:00,BTC-PERPETUAL,settlement,short,-60870,-60870,30349.69,0,0,-0.00951234,0.00024391,-,0,0,-0.00951234,100.00157827,100.00182218,,,
349525174,1687939202154850,28 Jun 2023 08:00:00,BTC-PERPETUAL,settlement,short,-60870,-60870,30202.77,0,0,0.01512884,3e-7,-,0,0,0.01512884,100.01109061,100.01109061,,,
349502949,1687935370489372,28 Jun 2023 06:56:10,BTC-PERPETUAL,trade,open sell,16720,-60870,30421.5,30428.25,30418.09,0,0,0.05,0.00027481,0,-0.00027481,99.99596178,99.99615592,169301349,16570372924,Source: 'api:OfelyaRza'
349502948,1687935370489371,28 Jun 2023 06:56:10,BTC-PERPETUAL,trade,open sell,7500,-44150,30422.5,30428.25,30418.09,0,0,0.05,0.00012326,0,-0.00012326,99.99623658,99.99615592,169301348,16570372924,Source: 'api:OfelyaRza'
349502947,1687935370489370,28 Jun 2023 06:56:10,BTC-PERPETUAL,trade,open sell,5300,-36650,30424.5,30428.25,30418.09,0,0,0.05,0.0000871,0,-0.0000871,99.99635985,99.99615592,169301347,16570372924,Source: 'api:OfelyaRza'
349502946,1687935370489369,28 Jun 2023 06:56:10,BTC-PERPETUAL,trade,open sell,10,-31350,30425,30428.25,30418.09,0,0,0.049,1.6e-7,0,-1.6e-7,99.99644695,99.99615592,169301346,16570372924,Source: 'api:OfelyaRza'
349502945,1687935370489368,28 Jun 2023 06:56:10,BTC-PERPETUAL,trade,open sell,100,-31340,30425.5,30428.25,30418.09,0,0,0.05,0.00000164,0,-0.00000164,99.99644711,99.99615592,169301345,16570372924,Source: 'api:OfelyaRza'
349502944,1687935370489367,28 Jun 2023 06:56:10,BTC-PERPETUAL,trade,open sell,800,-31240,30425.5,30428.25,30418.09,0,0,0.05,0.00001315,0,-0.00001315,99.99644875,99.99615592,169301344,16570372924,Source: 'api:OfelyaRza'
349502827,1687935260193366,28 Jun 2023 06:54:20,BTC-PERPETUAL,trade,open sell,25920,-30440,30441,30441.44,30427.61,0,0,0.05,0.00042574,0,-0.00042574,99.9964619,99.99641527,169301288,16570368254,Source: 'api:OfelyaRza'
349502826,1687935260193365,28 Jun 2023 06:54:20,BTC-PERPETUAL,trade,open sell,4330,-4520,30441,30441.44,30427.61,0,0,0.05,0.00007112,0,-0.00007112,99.99688764,99.99641527,169301287,16570368254,Source: 'api:OfelyaRza'
349502825,1687935260193364,28 Jun 2023 06:54:20,BTC-PERPETUAL,trade,open sell,90,-190,30441,30441.44,30427.61,0,0,0.05,0.00000148,0,-0.00000148,99.99695876,99.99641527,169301286,16570368254,Source: 'api:OfelyaRza'
349502824,1687935260193363,28 Jun 2023 06:54:20,BTC-PERPETUAL,trade,open sell,100,-100,30441,30441.44,30427.61,0,0,0.05,0.00000164,0,-0.00000164,99.99696024,99.99641527,169301285,16570368254,Source: 'api:OfelyaRza'
349501738,1687934483783332,28 Jun 2023 06:41:23,BTC-PERPETUAL,trade,close buy,30450,0,30452.5,30452.82,30437.06,-0.00001642,0,0.05,0.00049996,0,-0.00049996,99.99696189,99.99692971,169300745,16570328162,Source: api
349501735,1687934483113370,28 Jun 2023 06:41:23,BTC-PERPETUAL,trade,open sell,30080,-30450,30452,30453.39,30437.55,0,0,0.05,0.00049389,0,-0.00049389,99.99746184,99.99740044,169300743,16570328145,Source: 'api:OfelyaRza'
349501734,1687934483113369,28 Jun 2023 06:41:23,BTC-PERPETUAL,trade,open sell,120,-370,30452,30453.39,30437.55,0,0,0.05,0.00000197,0,-0.00000197,99.99795574,99.99740044,169300742,16570328145,Source: 'api:OfelyaRza'
349501733,1687934483113368,28 Jun 2023 06:41:23,BTC-PERPETUAL,trade,open sell,150,-250,30452,30453.39,30437.55,0,0,0.05,0.00000246,0,-0.00000246,99.99795771,99.99740044,169300741,16570328145,Source: 'api:OfelyaRza'
349501732,1687934483113367,28 Jun 2023 06:41:23,BTC-PERPETUAL,trade,open sell,100,-100,30452,30453.39,30437.55,0,0,0.05,0.00000164,0,-0.00000164,99.99796017,99.99740044,169300740,16570328145,Source: 'api:OfelyaRza'
349501560,1687934393769365,28 Jun 2023 06:39:53,BTC-PERPETUAL,trade,close buy,30360,0,30439.5,30442.18,30424.67,-0.00001638,0,0.05,0.00049869,0,-0.00049869,99.99796181,99.99794605,169300656,16570323000,Source: api
349501559,1687934393769364,28 Jun 2023 06:39:53,BTC-PERPETUAL,trade,close buy,10,-30360,30439.5,30442.18,30424.67,-1e-8,0,0.049,1.6e-7,0,-1.6e-7,99.99846051,99.99794605,169300655,16570323000,Source: api
349501558,1687934393769363,28 Jun 2023 06:39:53,BTC-PERPETUAL,trade,close buy,10,-30370,30439.5,30442.18,30424.67,-1e-8,0,0.049,1.6e-7,0,-1.6e-7,99.99846067,99.99794605,169300654,16570323000,Source: api
349501557,1687934393769362,28 Jun 2023 06:39:53,BTC-PERPETUAL,trade,close buy,20,-30380,30439.5,30442.18,30424.67,-1e-8,0,0.05,3.3e-7,0,-3.3e-7,99.99846083,99.99794605,169300653,16570323000,Source: api
349501550,1687934392868363,28 Jun 2023 06:39:52,BTC-PERPETUAL,trade,open sell,30110,-30400,30439,30442.66,30424.99,0,0,0.05,0.0004946,0,-0.0004946,99.99846116,99.99834173,169300651,16570322978,Source: 'api:OfelyaRza'
349501549,1687934392868362,28 Jun 2023 06:39:52,BTC-PERPETUAL,trade,open sell,100,-290,30439,30442.66,30424.99,0,0,0.05,0.00000164,0,-0.00000164,99.99895576,99.99834173,169300650,16570322978,Source: 'api:OfelyaRza'
349501548,1687934392868361,28 Jun 2023 06:39:52,BTC-PERPETUAL,trade,open sell,190,-190,30439,30442.66,30424.99,0,0,0.05,0.00000312,0,-0.00000312,99.9989574,99.99834173,169300649,16570322978,Source: 'api:OfelyaRza'
349501547,1687934392868360,28 Jun 2023 06:39:52,BTC-PERPETUAL,trade,close sell,40,0,30439,30442.66,30424.99,8.1e-7,-1.7e-7,0.05,6.6e-7,0,-6.6e-7,99.99896052,99.99834173,169300649,16570322978,Source: 'api:OfelyaRza'
349164126,1687852802286961,27 Jun 2023 08:00:00,BTC-PERPETUAL,settlement,long,40,40,30420.17,0,0,-3.2e-7,-1.6e-7,-,0,0,-3.2e-7,99.99896118,99.99896118,,,
348807921,1687766402071284,26 Jun 2023 08:00:00,BTC-PERPETUAL,settlement,long,40,40,30423.7,0,0,-0.00001544,-8.5e-7,-,0,0,-0.00001544,99.9989615,99.9989615,,,
348464666,1687680002208193,25 Jun 2023 08:00:00,BTC-PERPETUAL,settlement,long,40,40,30765.01,0,0,0.00000687,-2.6e-7,-,0,0,0.00000687,99.99897694,99.99897694,,,
348079345,1687593602351171,24 Jun 2023 08:00:00,BTC-PERPETUAL,settlement,long,40,40,30597.41,0,0,-0.00002958,-5e-8,-,0,0,-0.00002958,99.99897007,99.99897007,,,
347793602,1687547522819292,23 Jun 2023 19:12:02,BTC-PERPETUAL,trade,close sell,30910,40,30919,30920.69,30901.45,-0.00001585,-6e-8,0.05,0.00049985,0,-0.00049985,99.99899965,99.99898379,168462766,16545712895,Source: 'api:OfelyaRza'
347793584,1687547508708768,23 Jun 2023 19:11:48,BTC-PERPETUAL,trade,open buy,30910,30950,30919.5,30917.95,30898.35,0,0,0.05,0.00049985,0,-0.00049985,99.99949951,99.99944964,168462757,16545711987,Source: 'api:OfelyaRza'
347792930,1687547392931773,23 Jun 2023 19:09:52,BTC-PERPETUAL,trade,open buy,40,40,30912,30912.39,30891.18,0,0,0.05,6.5e-7,0,-6.5e-7,99.99999935,99.99999937,168462430,16545702848,Source: 'api:OfelyaRza'
347717656,1687541062112155,23 Jun 2023 17:24:22,,deposit,-,,0,0,0,0,100,null,-,0,0,100,100,100,,,Deposit to: fake_deposit_addr
